Date,pair_label,regime_2state,beta
2019-12-16,Brent M2 × LSGO M1,Normal,
2019-12-17,Brent M2 × LSGO M1,Normal,
2019-12-18,Brent M2 × LSGO M1,Normal,
2019-12-19,Brent M2 × LSGO M1,Normal,
2019-12-20,Brent M2 × LSGO M1,Normal,
2019-12-23,Brent M2 × LSGO M1,Normal,
2019-12-24,Brent M2 × LSGO M1,Normal,
2019-12-26,Brent M2 × LSGO M1,Normal,
2019-12-27,Brent M2 × LSGO M1,Normal,
2019-12-30,Brent M2 × LSGO M1,Normal,
2019-12-31,Brent M2 × LSGO M1,Normal,
2020-01-02,Brent M2 × LSGO M1,Normal,
2020-01-03,Brent M2 × LSGO M1,Normal,
2020-01-06,Brent M2 × LSGO M1,Normal,
2020-01-07,Brent M2 × LSGO M1,Normal,
2020-01-08,Brent M2 × LSGO M1,Normal,
2020-01-09,Brent M2 × LSGO M1,Normal,
2020-01-10,Brent M2 × LSGO M1,Normal,
2020-01-13,Brent M2 × LSGO M1,Normal,
2020-01-14,Brent M2 × LSGO M1,Normal,
2020-01-15,Brent M2 × LSGO M1,Normal,
2020-01-16,Brent M2 × LSGO M1,Normal,
2020-01-17,Brent M2 × LSGO M1,Normal,
2020-01-20,Brent M2 × LSGO M1,Normal,
2020-01-21,Brent M2 × LSGO M1,Normal,
2020-01-22,Brent M2 × LSGO M1,Normal,
2020-01-23,Brent M2 × LSGO M1,Normal,
2020-01-24,Brent M2 × LSGO M1,Normal,
2020-01-27,Brent M2 × LSGO M1,Normal,
2020-01-28,Brent M2 × LSGO M1,Normal,
2020-01-29,Brent M2 × LSGO M1,Normal,
2020-01-30,Brent M2 × LSGO M1,Normal,
2020-01-31,Brent M2 × LSGO M1,Normal,
2020-02-03,Brent M2 × LSGO M1,Normal,
2020-02-04,Brent M2 × LSGO M1,Normal,
2020-02-05,Brent M2 × LSGO M1,Normal,
2020-02-06,Brent M2 × LSGO M1,Normal,
2020-02-07,Brent M2 × LSGO M1,Normal,
2020-02-10,Brent M2 × LSGO M1,Normal,
2020-02-11,Brent M2 × LSGO M1,Normal,
2020-02-12,Brent M2 × LSGO M1,Normal,
2020-02-13,Brent M2 × LSGO M1,Normal,
2020-02-14,Brent M2 × LSGO M1,Normal,
2020-02-17,Brent M2 × LSGO M1,Normal,
2020-02-18,Brent M2 × LSGO M1,Normal,
2020-02-19,Brent M2 × LSGO M1,Normal,
2020-02-20,Brent M2 × LSGO M1,Normal,
2020-02-21,Brent M2 × LSGO M1,Normal,
2020-02-24,Brent M2 × LSGO M1,Normal,
2020-02-25,Brent M2 × LSGO M1,Normal,
2020-02-26,Brent M2 × LSGO M1,Normal,
2020-02-27,Brent M2 × LSGO M1,Normal,
2020-02-28,Brent M2 × LSGO M1,Normal,
2020-03-02,Brent M2 × LSGO M1,Normal,
2020-03-03,Brent M2 × LSGO M1,Normal,
2020-03-04,Brent M2 × LSGO M1,Normal,
2020-03-05,Brent M2 × LSGO M1,Normal,
2020-03-06,Brent M2 × LSGO M1,Normal,
2020-03-09,Brent M2 × LSGO M1,Normal,
2020-03-10,Brent M2 × LSGO M1,Normal,
2020-03-11,Brent M2 × LSGO M1,Normal,-0.03812151953121579
2020-03-12,Brent M2 × LSGO M1,Normal,0.056997538009837825
2020-03-13,Brent M2 × LSGO M1,Normal,-0.39675610807433037
2020-03-16,Brent M2 × LSGO M1,Normal,-0.45765505513549776
2020-03-17,Brent M2 × LSGO M1,Normal,-0.3701342218129396
2020-03-18,Brent M2 × LSGO M1,Normal,-0.38434220457861956
2020-03-19,Brent M2 × LSGO M1,Normal,-0.18442625169536747
2020-03-20,Brent M2 × LSGO M1,Normal,-0.34216063622401366
2020-03-23,Brent M2 × LSGO M1,Normal,-0.44943049583040495
2020-03-24,Brent M2 × LSGO M1,Normal,-0.8557885481459981
2020-03-25,Brent M2 × LSGO M1,Normal,-0.7312858713928565
2020-03-26,Brent M2 × LSGO M1,Normal,-0.8363829089926265
2020-03-27,Brent M2 × LSGO M1,Normal,-0.8702386387259079
2020-03-30,Brent M2 × LSGO M1,Normal,-0.895725709132075
2020-03-31,Brent M2 × LSGO M1,Normal,-0.8956773521957117
2020-04-01,Brent M2 × LSGO M1,Normal,-0.8837489384600878
2020-04-02,Brent M2 × LSGO M1,Normal,-1.0693321534728095
2020-04-03,Brent M2 × LSGO M1,Normal,-1.02403870529665
2020-04-06,Brent M2 × LSGO M1,Normal,-1.0433178983860525
2020-04-07,Brent M2 × LSGO M1,Normal,-1.0888268447394234
2020-04-08,Brent M2 × LSGO M1,Normal,-1.0521369392513233
2020-04-09,Brent M2 × LSGO M1,Normal,-1.0688120120021352
2020-04-13,Brent M2 × LSGO M1,Normal,-1.0486820054351305
2020-04-14,Brent M2 × LSGO M1,Normal,-1.0379833582179518
2020-04-15,Brent M2 × LSGO M1,Normal,-1.12129982160142
2020-04-16,Brent M2 × LSGO M1,Normal,-1.0218704801037244
2020-04-17,Brent M2 × LSGO M1,Normal,-1.0384460269088573
2020-04-20,Brent M2 × LSGO M1,Normal,-1.0231900422240763
2020-04-21,Brent M2 × LSGO M1,Normal,-1.032027036200267
2020-04-22,Brent M2 × LSGO M1,Normal,-0.9527516368845499
2020-04-23,Brent M2 × LSGO M1,Normal,-1.2523378833724788
2020-04-24,Brent M2 × LSGO M1,Normal,-1.2824902576187696
2020-04-27,Brent M2 × LSGO M1,Normal,-1.2708618256564383
2020-04-28,Brent M2 × LSGO M1,Normal,-1.256722959073245
2020-04-29,Brent M2 × LSGO M1,Normal,-1.231547469205648
2020-04-30,Brent M2 × LSGO M1,Normal,-1.2267499903669665
2020-05-01,Brent M2 × LSGO M1,Normal,-1.2230244075105532
2020-05-04,Brent M2 × LSGO M1,Normal,-1.2095960993082373
2020-05-05,Brent M2 × LSGO M1,Normal,-1.2128906652532598
2020-05-06,Brent M2 × LSGO M1,Normal,-1.1775586307708548
2020-05-07,Brent M2 × LSGO M1,Normal,-1.1658984012935922
2020-05-08,Brent M2 × LSGO M1,Normal,-1.1326451998474618
2020-05-11,Brent M2 × LSGO M1,Normal,-1.2376473938950632
2020-05-12,Brent M2 × LSGO M1,Normal,-1.248411144374532
2020-05-13,Brent M2 × LSGO M1,Normal,-1.2382943224166554
2020-05-14,Brent M2 × LSGO M1,Normal,-1.2397864059904475
2020-05-15,Brent M2 × LSGO M1,Normal,-1.2419668046290915
2020-05-18,Brent M2 × LSGO M1,Normal,-1.238264739247993
2020-05-19,Brent M2 × LSGO M1,Normal,-1.1462445839146282
2020-05-20,Brent M2 × LSGO M1,Normal,-1.1290619853813182
2020-05-21,Brent M2 × LSGO M1,Normal,-1.1014788677297789
2020-05-22,Brent M2 × LSGO M1,Normal,-1.117637876208412
2020-05-25,Brent M2 × LSGO M1,Normal,-1.113284817690733
2020-05-26,Brent M2 × LSGO M1,Normal,-1.0621763662114982
2020-05-27,Brent M2 × LSGO M1,Normal,-1.1339497150495983
2020-05-28,Brent M2 × LSGO M1,Normal,-1.1414396250433536
2020-05-29,Brent M2 × LSGO M1,Normal,-1.173751261054006
2020-06-01,Brent M2 × LSGO M1,Normal,-1.1764088459102249
2020-06-02,Brent M2 × LSGO M1,Normal,-1.1546193622747025
2020-06-03,Brent M2 × LSGO M1,Normal,-1.6045184086581403
2020-06-04,Brent M2 × LSGO M1,Normal,-1.6743638247735952
2020-06-05,Brent M2 × LSGO M1,Normal,-1.7029789749761852
2020-06-08,Brent M2 × LSGO M1,Normal,-1.5528489225058841
2020-06-09,Brent M2 × LSGO M1,Normal,-1.5686187416090318
2020-06-10,Brent M2 × LSGO M1,Normal,-1.7766501898567884
2020-06-11,Brent M2 × LSGO M1,Normal,-1.7877752510558267
2020-06-12,Brent M2 × LSGO M1,Normal,-2.185786092179839
2020-06-15,Brent M2 × LSGO M1,Normal,-2.111982688086044
2020-06-16,Brent M2 × LSGO M1,Normal,-2.090295351255302
2020-06-17,Brent M2 × LSGO M1,Normal,-1.887441291275219
2020-06-18,Brent M2 × LSGO M1,Normal,-1.9528108132979085
2020-06-19,Brent M2 × LSGO M1,Normal,-1.8808242357797516
2020-06-22,Brent M2 × LSGO M1,Normal,-1.8818726972785886
2020-06-23,Brent M2 × LSGO M1,Normal,-1.8660386362736074
2020-06-24,Brent M2 × LSGO M1,Normal,-1.8723864113311028
2020-06-25,Brent M2 × LSGO M1,Normal,-1.8177151640459226
2020-06-26,Brent M2 × LSGO M1,Normal,-1.6662224812690487
2020-06-29,Brent M2 × LSGO M1,Normal,-1.6866624737515428
2020-06-30,Brent M2 × LSGO M1,Normal,-1.6343055656530774
2020-07-01,Brent M2 × LSGO M1,Normal,-1.5886800528405334
2020-07-02,Brent M2 × LSGO M1,Normal,-1.6433699327472988
2020-07-03,Brent M2 × LSGO M1,Normal,-1.6158253610735074
2020-07-06,Brent M2 × LSGO M1,Normal,-1.6234162875051195
2020-07-07,Brent M2 × LSGO M1,Normal,-1.6125261172224812
2020-07-08,Brent M2 × LSGO M1,Normal,-1.5440053704947732
2020-07-09,Brent M2 × LSGO M1,Normal,-1.7161438261360769
2020-07-10,Brent M2 × LSGO M1,Normal,-1.7257634078597945
2020-07-13,Brent M2 × LSGO M1,Normal,-1.7185261242451486
2020-07-14,Brent M2 × LSGO M1,Normal,-1.724238692055235
2020-07-15,Brent M2 × LSGO M1,Normal,-1.9739270230889074
2020-07-16,Brent M2 × LSGO M1,Normal,-1.5410754836704943
2020-07-17,Brent M2 × LSGO M1,Normal,-1.4713242514960407
2020-07-20,Brent M2 × LSGO M1,Normal,-1.4954020714870133
2020-07-21,Brent M2 × LSGO M1,Normal,-1.523065638194906
2020-07-22,Brent M2 × LSGO M1,Normal,-1.5169451097703464
2020-07-23,Brent M2 × LSGO M1,Normal,-1.5298622145720315
2020-07-24,Brent M2 × LSGO M1,Normal,-1.566533122779929
2020-07-27,Brent M2 × LSGO M1,Normal,-1.64677282675962
2020-07-28,Brent M2 × LSGO M1,Normal,-1.6876487490870278
2020-07-29,Brent M2 × LSGO M1,Normal,-1.7541008838278276
2020-07-30,Brent M2 × LSGO M1,Normal,-1.7755311567491865
2020-07-31,Brent M2 × LSGO M1,Normal,-1.6833760065706154
2020-08-03,Brent M2 × LSGO M1,Normal,-1.448724902248166
2020-08-04,Brent M2 × LSGO M1,Normal,-1.4381417169720951
2020-08-05,Brent M2 × LSGO M1,Normal,-1.4504914953995183
2020-08-06,Brent M2 × LSGO M1,Normal,-1.44515327440806
2020-08-07,Brent M2 × LSGO M1,Normal,-1.4228351470658915
2020-08-10,Brent M2 × LSGO M1,Normal,-1.389879612319813
2020-08-11,Brent M2 × LSGO M1,Normal,-1.6282729808206098
2020-08-12,Brent M2 × LSGO M1,Normal,-1.6875210694013596
2020-08-13,Brent M2 × LSGO M1,Normal,-1.6864309931059325
2020-08-14,Brent M2 × LSGO M1,Normal,-1.667563444978467
2020-08-17,Brent M2 × LSGO M1,Normal,-1.6747711303767319
2020-08-18,Brent M2 × LSGO M1,Normal,-1.7014946819461518
2020-08-19,Brent M2 × LSGO M1,Normal,-1.5244727108820102
2020-08-20,Brent M2 × LSGO M1,Normal,-1.545219349746531
2020-08-21,Brent M2 × LSGO M1,Normal,-1.4524984226066646
2020-08-24,Brent M2 × LSGO M1,Normal,-1.3931840895925791
2020-08-25,Brent M2 × LSGO M1,Normal,-1.3118793054751405
2020-08-26,Brent M2 × LSGO M1,Normal,-1.3638835604184283
2020-08-27,Brent M2 × LSGO M1,Normal,-1.3598654306402582
2020-08-28,Brent M2 × LSGO M1,Normal,-1.326501141556061
2020-08-31,Brent M2 × LSGO M1,Normal,-1.3912082348931252
2020-09-01,Brent M2 × LSGO M1,Normal,-1.3354653004784374
2020-09-02,Brent M2 × LSGO M1,Normal,-1.272473631272917
2020-09-03,Brent M2 × LSGO M1,Normal,-1.1894115008724182
2020-09-04,Brent M2 × LSGO M1,Normal,-1.0933166168712078
2020-09-07,Brent M2 × LSGO M1,Normal,-0.99729208579275
2020-09-08,Brent M2 × LSGO M1,Normal,-0.8780110878727909
2020-09-09,Brent M2 × LSGO M1,Normal,-0.5853644350375591
2020-09-10,Brent M2 × LSGO M1,Normal,-0.42523058808058156
2020-09-11,Brent M2 × LSGO M1,Normal,-0.4439357010477719
2020-09-14,Brent M2 × LSGO M1,Normal,-0.42115090472326905
2020-09-15,Brent M2 × LSGO M1,Normal,-0.42362449590616447
2020-09-16,Brent M2 × LSGO M1,Normal,-0.45993229122647095
2020-09-17,Brent M2 × LSGO M1,Normal,-0.48253859383615033
2020-09-18,Brent M2 × LSGO M1,Normal,-0.4614979896909749
2020-09-21,Brent M2 × LSGO M1,Normal,-0.49476131552446845
2020-09-22,Brent M2 × LSGO M1,Normal,-0.022140324672448475
2020-09-23,Brent M2 × LSGO M1,Normal,0.00023467897602976067
2020-09-24,Brent M2 × LSGO M1,Normal,0.019641646968723395
2020-09-25,Brent M2 × LSGO M1,Normal,-0.04667523229862233
2020-09-28,Brent M2 × LSGO M1,Normal,-0.09153779413427927
2020-09-29,Brent M2 × LSGO M1,Normal,-0.14744013678087547
2020-09-30,Brent M2 × LSGO M1,Normal,-0.1723956330507684
2020-10-01,Brent M2 × LSGO M1,Normal,0.018494054149614816
2020-10-02,Brent M2 × LSGO M1,Normal,0.11524398611509087
2020-10-05,Brent M2 × LSGO M1,Normal,-0.2664291639361471
2020-10-06,Brent M2 × LSGO M1,Normal,-0.1128513870766071
2020-10-07,Brent M2 × LSGO M1,Normal,-0.0259264487950791
2020-10-08,Brent M2 × LSGO M1,Normal,0.022988325392748837
2020-10-09,Brent M2 × LSGO M1,Normal,0.07074016620283018
2020-10-12,Brent M2 × LSGO M1,Normal,-0.0741444119680931
2020-10-13,Brent M2 × LSGO M1,Normal,0.024622756631183112
2020-10-14,Brent M2 × LSGO M1,Normal,-0.025446333885520214
2020-10-15,Brent M2 × LSGO M1,Normal,-0.018752005563365926
2020-10-16,Brent M2 × LSGO M1,Normal,-0.005162012704039623
2020-10-19,Brent M2 × LSGO M1,Normal,0.13254001169432172
2020-10-20,Brent M2 × LSGO M1,Normal,0.1696695364889347
2020-10-21,Brent M2 × LSGO M1,Normal,0.15795595471413051
2020-10-22,Brent M2 × LSGO M1,Normal,0.09428035292931734
2020-10-23,Brent M2 × LSGO M1,Normal,0.08539641812359368
2020-10-26,Brent M2 × LSGO M1,Normal,0.0695364668667297
2020-10-27,Brent M2 × LSGO M1,Normal,0.20913831652927856
2020-10-28,Brent M2 × LSGO M1,Normal,0.261908444002535
2020-10-29,Brent M2 × LSGO M1,Normal,0.24143410970764334
2020-10-30,Brent M2 × LSGO M1,Normal,0.25485814414471947
2020-11-02,Brent M2 × LSGO M1,Normal,0.22005351419553815
2020-11-03,Brent M2 × LSGO M1,Normal,0.23979082223345902
2020-11-04,Brent M2 × LSGO M1,Normal,0.2456919648401319
2020-11-05,Brent M2 × LSGO M1,Normal,0.29837739201299873
2020-11-06,Brent M2 × LSGO M1,Normal,0.2837266976657589
2020-11-09,Brent M2 × LSGO M1,Normal,0.2663075736238011
2020-11-10,Brent M2 × LSGO M1,Normal,0.42131512989774494
2020-11-11,Brent M2 × LSGO M1,Normal,0.44150449658796614
2020-11-12,Brent M2 × LSGO M1,Normal,0.43208894066735837
2020-11-13,Brent M2 × LSGO M1,Normal,0.4313373257720042
2020-11-16,Brent M2 × LSGO M1,Normal,0.44026172789830187
2020-11-17,Brent M2 × LSGO M1,Normal,0.4122603624176307
2020-11-18,Brent M2 × LSGO M1,Normal,0.4010747307068115
2020-11-19,Brent M2 × LSGO M1,Normal,0.43782897554230377
2020-11-20,Brent M2 × LSGO M1,Normal,0.43974072962006233
2020-11-23,Brent M2 × LSGO M1,Normal,0.44543738158786966
2020-11-24,Brent M2 × LSGO M1,Normal,0.536828932930316
2020-11-25,Brent M2 × LSGO M1,Normal,0.5695364046628826
2020-11-26,Brent M2 × LSGO M1,Normal,0.3657807549320073
2020-11-27,Brent M2 × LSGO M1,Normal,0.4897564856930938
2020-11-30,Brent M2 × LSGO M1,Normal,0.5108839541668748
2020-12-01,Brent M2 × LSGO M1,Normal,0.5166573965530651
2020-12-02,Brent M2 × LSGO M1,Normal,0.19832134823878012
2020-12-03,Brent M2 × LSGO M1,Normal,0.1499552575895541
2020-12-04,Brent M2 × LSGO M1,Normal,0.09202334215542728
2020-12-07,Brent M2 × LSGO M1,Normal,0.022327040464158166
2020-12-08,Brent M2 × LSGO M1,Normal,0.05967571539265436
2020-12-09,Brent M2 × LSGO M1,Normal,0.09268752972864108
2020-12-10,Brent M2 × LSGO M1,Normal,0.0842550653207514
2020-12-11,Brent M2 × LSGO M1,Normal,0.13347823847202603
2020-12-14,Brent M2 × LSGO M1,Normal,0.14859487541383118
2020-12-15,Brent M2 × LSGO M1,Normal,-0.17490647862776368
2020-12-16,Brent M2 × LSGO M1,Normal,-0.13580134735455204
2020-12-17,Brent M2 × LSGO M1,Normal,-0.1355688462902022
2020-12-18,Brent M2 × LSGO M1,Normal,-0.08389051931508473
2020-12-21,Brent M2 × LSGO M1,Normal,-0.06184964983633675
2020-12-22,Brent M2 × LSGO M1,Normal,0.037541676436750264
2020-12-23,Brent M2 × LSGO M1,Normal,-0.009610030912009846
2020-12-24,Brent M2 × LSGO M1,Normal,-0.0485866674458381
2020-12-28,Brent M2 × LSGO M1,Normal,-0.13394963174840757
2020-12-29,Brent M2 × LSGO M1,Normal,-0.0012326933803180513
2020-12-30,Brent M2 × LSGO M1,Normal,-0.07463371939456645
2020-12-31,Brent M2 × LSGO M1,Normal,-0.11358705316454787
2021-01-04,Brent M2 × LSGO M1,Normal,-0.15736683793245446
2021-01-05,Brent M2 × LSGO M1,Normal,-0.19266235767015646
2021-01-06,Brent M2 × LSGO M1,Normal,-0.05431169457945057
2021-01-07,Brent M2 × LSGO M1,Normal,-0.10706719417242198
2021-01-08,Brent M2 × LSGO M1,Normal,-0.11657369211182302
2021-01-11,Brent M2 × LSGO M1,Normal,-0.09992182109334802
2021-01-12,Brent M2 × LSGO M1,Normal,-0.07800434836294759
2021-01-13,Brent M2 × LSGO M1,Normal,-0.03976047920387382
2021-01-14,Brent M2 × LSGO M1,Normal,-0.11984680409289938
2021-01-15,Brent M2 × LSGO M1,Normal,-0.08351373709317052
2021-01-18,Brent M2 × LSGO M1,Normal,-0.057375684127944956
2021-01-19,Brent M2 × LSGO M1,Normal,-0.11240708099946103
2021-01-20,Brent M2 × LSGO M1,Normal,-0.1112258774964292
2021-01-21,Brent M2 × LSGO M1,Normal,-0.24882588143406653
2021-01-22,Brent M2 × LSGO M1,Normal,-0.27563946631795105
2021-01-25,Brent M2 × LSGO M1,Normal,-0.3246960878355537
2021-01-26,Brent M2 × LSGO M1,Normal,-0.4099913139736094
2021-01-27,Brent M2 × LSGO M1,Normal,-0.3436192814912395
2021-01-28,Brent M2 × LSGO M1,Normal,-0.3650808395073377
2021-01-29,Brent M2 × LSGO M1,Normal,-0.27984146758145356
2021-02-01,Brent M2 × LSGO M1,Normal,-0.311076351516497
2021-02-02,Brent M2 × LSGO M1,Normal,-0.2885052954218841
2021-02-03,Brent M2 × LSGO M1,Normal,-0.26954344745606856
2021-02-04,Brent M2 × LSGO M1,Normal,-0.5867161754859829
2021-02-05,Brent M2 × LSGO M1,Normal,-0.5771843380627826
2021-02-08,Brent M2 × LSGO M1,Normal,-0.5146884761308362
2021-02-09,Brent M2 × LSGO M1,Normal,-0.5346408875344556
2021-02-10,Brent M2 × LSGO M1,Normal,-0.6654494672129099
2021-02-11,Brent M2 × LSGO M1,Normal,-0.6755864789257555
2021-02-12,Brent M2 × LSGO M1,Normal,-0.6982630644688821
2021-02-15,Brent M2 × LSGO M1,Normal,-0.7487640517846895
2021-02-16,Brent M2 × LSGO M1,Normal,-0.79642810945363
2021-02-17,Brent M2 × LSGO M1,Normal,-0.7959586704852262
2021-02-18,Brent M2 × LSGO M1,Normal,-0.8934593056140108
2021-02-19,Brent M2 × LSGO M1,Normal,-0.8687686284205326
2021-02-22,Brent M2 × LSGO M1,Normal,-0.751201187050497
2021-02-23,Brent M2 × LSGO M1,Normal,-0.6781244835353838
2021-02-24,Brent M2 × LSGO M1,Normal,-0.6861371547592562
2021-02-25,Brent M2 × LSGO M1,Normal,-0.6554100694540375
2021-02-26,Brent M2 × LSGO M1,Normal,-0.33841659758973625
2021-03-01,Brent M2 × LSGO M1,Normal,-0.27331628348715775
2021-03-02,Brent M2 × LSGO M1,Normal,-0.10854556994359543
2021-03-03,Brent M2 × LSGO M1,Normal,-0.09616522598487823
2021-03-04,Brent M2 × LSGO M1,Normal,-0.05446020404708499
2021-03-05,Brent M2 × LSGO M1,Normal,0.03969748382792841
2021-03-08,Brent M2 × LSGO M1,Normal,-0.24194273475049824
2021-03-09,Brent M2 × LSGO M1,Normal,-0.4692990223730419
2021-03-10,Brent M2 × LSGO M1,Normal,-0.5061169563034384
2021-03-11,Brent M2 × LSGO M1,Normal,-0.3248430013967289
2021-03-12,Brent M2 × LSGO M1,Normal,-0.32757130488339076
2021-03-15,Brent M2 × LSGO M1,Normal,-0.31194293059093553
2021-03-16,Brent M2 × LSGO M1,Normal,-0.282537499142049
2021-03-17,Brent M2 × LSGO M1,Normal,-0.2810521471549663
2021-03-18,Brent M2 × LSGO M1,Normal,-0.6059623348564395
2021-03-19,Brent M2 × LSGO M1,Normal,-0.29005615462724804
2021-03-22,Brent M2 × LSGO M1,Normal,-0.29082656991745476
2021-03-23,Brent M2 × LSGO M1,Normal,-0.24625042976130318
2021-03-24,Brent M2 × LSGO M1,Normal,0.1332484630247669
2021-03-25,Brent M2 × LSGO M1,Normal,0.16522629442637765
2021-03-26,Brent M2 × LSGO M1,Normal,0.24083388521070284
2021-03-29,Brent M2 × LSGO M1,Normal,0.4357229075762101
2021-03-30,Brent M2 × LSGO M1,Normal,0.4989522312207435
2021-03-31,Brent M2 × LSGO M1,Normal,0.44686257206578717
2021-04-01,Brent M2 × LSGO M1,Normal,0.2885965340679649
2021-04-05,Brent M2 × LSGO M1,Normal,-1.1481935153606537
2021-04-06,Brent M2 × LSGO M1,Normal,-1.2283006623888513
2021-04-07,Brent M2 × LSGO M1,Normal,-1.2061550100611875
2021-04-08,Brent M2 × LSGO M1,Normal,-1.2083874582053016
2021-04-09,Brent M2 × LSGO M1,Normal,-1.317850586834499
2021-04-12,Brent M2 × LSGO M1,Normal,-1.3260992024481588
2021-04-13,Brent M2 × LSGO M1,Normal,-1.3198797106207663
2021-04-14,Brent M2 × LSGO M1,Normal,-1.3105567307902426
2021-04-15,Brent M2 × LSGO M1,Normal,-1.1613123008181359
2021-04-16,Brent M2 × LSGO M1,Normal,-1.1597641888000754
2021-04-19,Brent M2 × LSGO M1,Normal,-1.1969956720547827
2021-04-20,Brent M2 × LSGO M1,Normal,-1.2162348498155442
2021-04-21,Brent M2 × LSGO M1,Normal,-1.1174095789300849
2021-04-22,Brent M2 × LSGO M1,Normal,-1.1893694914881328
2021-04-23,Brent M2 × LSGO M1,Normal,-1.2317652360531222
2021-04-26,Brent M2 × LSGO M1,Normal,-1.2607642977313855
2021-04-27,Brent M2 × LSGO M1,Normal,-1.2633135018344546
2021-04-28,Brent M2 × LSGO M1,Normal,-1.27955086650516
2021-04-29,Brent M2 × LSGO M1,Normal,-1.269174460139495
2021-04-30,Brent M2 × LSGO M1,Normal,-1.269460064799809
2021-05-03,Brent M2 × LSGO M1,Normal,-1.1899305444251846
2021-05-04,Brent M2 × LSGO M1,Normal,-1.1841068498885328
2021-05-05,Brent M2 × LSGO M1,Normal,-1.1895505862048008
2021-05-06,Brent M2 × LSGO M1,Normal,-1.1794031952856974
2021-05-07,Brent M2 × LSGO M1,Normal,-1.191583717173952
2021-05-10,Brent M2 × LSGO M1,Normal,-1.183871064130915
2021-05-11,Brent M2 × LSGO M1,Normal,-1.1821262048794858
2021-05-12,Brent M2 × LSGO M1,Normal,-1.176449430909435
2021-05-13,Brent M2 × LSGO M1,Normal,-1.1600190378614055
2021-05-14,Brent M2 × LSGO M1,Normal,-0.9281063168609424
2021-05-17,Brent M2 × LSGO M1,Normal,-0.9200192221254198
2021-05-18,Brent M2 × LSGO M1,Normal,-0.8903977175577463
2021-05-19,Brent M2 × LSGO M1,Normal,-0.9292917104608052
2021-05-20,Brent M2 × LSGO M1,Normal,-0.7397692774530343
2021-05-21,Brent M2 × LSGO M1,Normal,-0.8156660711086358
2021-05-24,Brent M2 × LSGO M1,Normal,-0.8259958177368263
2021-05-25,Brent M2 × LSGO M1,Normal,-0.7775107729247934
2021-05-26,Brent M2 × LSGO M1,Normal,-0.7925976350985894
2021-05-27,Brent M2 × LSGO M1,Normal,-0.7500964173915001
2021-05-28,Brent M2 × LSGO M1,Normal,-0.7766850845204001
2021-05-31,Brent M2 × LSGO M1,Normal,-0.8339448058675035
2021-06-01,Brent M2 × LSGO M1,Normal,-0.7601359948105973
2021-06-02,Brent M2 × LSGO M1,Normal,-0.693868858960652
2021-06-03,Brent M2 × LSGO M1,Normal,-0.6955572566916911
2021-06-04,Brent M2 × LSGO M1,Normal,-0.6860796006884754
2021-06-07,Brent M2 × LSGO M1,Normal,-0.7159285799060454
2021-06-08,Brent M2 × LSGO M1,Normal,-0.7233652757929272
2021-06-09,Brent M2 × LSGO M1,Normal,-0.7658748700255442
2021-06-10,Brent M2 × LSGO M1,Normal,-0.7718184299207435
2021-06-11,Brent M2 × LSGO M1,Normal,-0.7773978121659171
2021-06-14,Brent M2 × LSGO M1,Normal,-0.8710369447538402
2021-06-15,Brent M2 × LSGO M1,Normal,-0.8949647527038953
2021-06-16,Brent M2 × LSGO M1,Normal,-0.9110151929899006
2021-06-17,Brent M2 × LSGO M1,Normal,-1.030892357009121
2021-06-18,Brent M2 × LSGO M1,Normal,-0.9161844797627209
2021-06-21,Brent M2 × LSGO M1,Normal,-1.1268845926506923
2021-06-22,Brent M2 × LSGO M1,Normal,-1.3772760452214805
2021-06-23,Brent M2 × LSGO M1,Normal,-1.4118823640083613
2021-06-24,Brent M2 × LSGO M1,Normal,-1.422639474532608
2021-06-25,Brent M2 × LSGO M1,Normal,-1.3676709396785722
2021-06-28,Brent M2 × LSGO M1,Normal,0.21622316840670006
2021-06-29,Brent M2 × LSGO M1,Normal,0.3640690623991893
2021-06-30,Brent M2 × LSGO M1,Normal,0.37062291133949044
2021-07-01,Brent M2 × LSGO M1,Normal,0.3537961613406102
2021-07-02,Brent M2 × LSGO M1,Normal,0.6386995072086786
2021-07-05,Brent M2 × LSGO M1,Normal,0.6661630554109755
2021-07-06,Brent M2 × LSGO M1,Normal,0.6726766349570572
2021-07-07,Brent M2 × LSGO M1,Normal,0.7886914109460886
2021-07-08,Brent M2 × LSGO M1,Normal,0.7549026082355843
2021-07-09,Brent M2 × LSGO M1,Normal,0.7340857490428054
2021-07-12,Brent M2 × LSGO M1,Normal,0.8294912780030941
2021-07-13,Brent M2 × LSGO M1,Normal,0.7921904665494353
2021-07-14,Brent M2 × LSGO M1,Normal,0.5939001334169368
2021-07-15,Brent M2 × LSGO M1,Normal,0.5360096206034146
2021-07-16,Brent M2 × LSGO M1,Normal,0.6435515409231837
2021-07-19,Brent M2 × LSGO M1,Normal,0.5176594675214596
2021-07-20,Brent M2 × LSGO M1,Normal,0.8280217790703608
2021-07-21,Brent M2 × LSGO M1,Normal,0.863887660906312
2021-07-22,Brent M2 × LSGO M1,Normal,0.9242915944900726
2021-07-23,Brent M2 × LSGO M1,Normal,0.9528691567764676
2021-07-26,Brent M2 × LSGO M1,Normal,0.9326634001119828
2021-07-27,Brent M2 × LSGO M1,Normal,0.8434479737151857
2021-07-28,Brent M2 × LSGO M1,Normal,0.869491833976279
2021-07-29,Brent M2 × LSGO M1,Normal,0.8226760489557906
2021-07-30,Brent M2 × LSGO M1,Normal,0.8204425028407611
2021-08-02,Brent M2 × LSGO M1,Normal,0.7940939372350396
2021-08-03,Brent M2 × LSGO M1,Normal,0.919665972338973
2021-08-04,Brent M2 × LSGO M1,Normal,0.8995068775215868
2021-08-05,Brent M2 × LSGO M1,Normal,0.8700123913084697
2021-08-06,Brent M2 × LSGO M1,Normal,0.8227142859340194
2021-08-09,Brent M2 × LSGO M1,Normal,0.7657287040049754
2021-08-10,Brent M2 × LSGO M1,Normal,0.8685966199199091
2021-08-11,Brent M2 × LSGO M1,Normal,0.9686007326193116
2021-08-12,Brent M2 × LSGO M1,Normal,0.7852370153304161
2021-08-13,Brent M2 × LSGO M1,Normal,0.8177302468016386
2021-08-16,Brent M2 × LSGO M1,Normal,0.8456679333140793
2021-08-17,Brent M2 × LSGO M1,Normal,0.8232709352849961
2021-08-18,Brent M2 × LSGO M1,Normal,0.6684628669814747
2021-08-19,Brent M2 × LSGO M1,Normal,0.6697715347380001
2021-08-20,Brent M2 × LSGO M1,Normal,0.8779313366072812
2021-08-23,Brent M2 × LSGO M1,Normal,0.6754102349841873
2021-08-24,Brent M2 × LSGO M1,Normal,0.7799670458191628
2021-08-25,Brent M2 × LSGO M1,Normal,0.8190551479393692
2021-08-26,Brent M2 × LSGO M1,Normal,0.799528515972076
2021-08-27,Brent M2 × LSGO M1,Normal,0.7845730961046274
2021-08-30,Brent M2 × LSGO M1,Normal,0.7577443964902838
2021-08-31,Brent M2 × LSGO M1,Normal,0.708524021752366
2021-09-01,Brent M2 × LSGO M1,Normal,0.7250169799153295
2021-09-02,Brent M2 × LSGO M1,Normal,0.7201775812750252
2021-09-03,Brent M2 × LSGO M1,Normal,0.6880043485066983
2021-09-06,Brent M2 × LSGO M1,Normal,0.6794265702504825
2021-09-07,Brent M2 × LSGO M1,Normal,0.6698067561784846
2021-09-08,Brent M2 × LSGO M1,Normal,0.6886854060039421
2021-09-09,Brent M2 × LSGO M1,Normal,0.6393973849612165
2021-09-10,Brent M2 × LSGO M1,Normal,0.5773637906608379
2021-09-13,Brent M2 × LSGO M1,Normal,0.5227717539933736
2021-09-14,Brent M2 × LSGO M1,Normal,0.5589460863320366
2021-09-15,Brent M2 × LSGO M1,Normal,0.5574234805520951
2021-09-16,Brent M2 × LSGO M1,Normal,0.5765475385976894
2021-09-17,Brent M2 × LSGO M1,Normal,0.5697742388170692
2021-09-20,Brent M2 × LSGO M1,Normal,0.5521057479751224
2021-09-21,Brent M2 × LSGO M1,Normal,0.5190936693978904
2021-09-22,Brent M2 × LSGO M1,Normal,0.3816008873106554
2021-09-23,Brent M2 × LSGO M1,Normal,0.40677751335344814
2021-09-24,Brent M2 × LSGO M1,Normal,0.45259914915775806
2021-09-27,Brent M2 × LSGO M1,Normal,0.4489702547167154
2021-09-28,Brent M2 × LSGO M1,Normal,0.4065324494265053
2021-09-29,Brent M2 × LSGO M1,Normal,0.327994263704083
2021-09-30,Brent M2 × LSGO M1,Normal,0.2559920985747298
2021-10-01,Brent M2 × LSGO M1,Normal,0.27495824105281697
2021-10-04,Brent M2 × LSGO M1,Normal,0.12961877029982385
2021-10-05,Brent M2 × LSGO M1,Normal,0.21592830062366042
2021-10-06,Brent M2 × LSGO M1,Normal,0.2573295214917499
2021-10-07,Brent M2 × LSGO M1,Normal,0.4172571232069593
2021-10-08,Brent M2 × LSGO M1,Normal,0.41615588458159275
2021-10-11,Brent M2 × LSGO M1,Normal,0.5208688484501992
2021-10-12,Brent M2 × LSGO M1,Normal,0.00951304653007528
2021-10-13,Brent M2 × LSGO M1,Normal,-0.0733222010914364
2021-10-14,Brent M2 × LSGO M1,Normal,-0.322978696076483
2021-10-15,Brent M2 × LSGO M1,Normal,-0.3227214664780494
2021-10-18,Brent M2 × LSGO M1,Normal,-0.4203174832330819
2021-10-19,Brent M2 × LSGO M1,Normal,-0.32831047066773245
2021-10-20,Brent M2 × LSGO M1,Normal,-0.3570682442616598
2021-10-21,Brent M2 × LSGO M1,Normal,-0.49706802494120494
2021-10-22,Brent M2 × LSGO M1,Normal,-0.47296559224261275
2021-10-25,Brent M2 × LSGO M1,Normal,-0.42217873311658777
2021-10-26,Brent M2 × LSGO M1,Normal,-0.6374814117528753
2021-10-27,Brent M2 × LSGO M1,Normal,-0.6404743444098907
2021-10-28,Brent M2 × LSGO M1,Normal,-0.5848192112620675
2021-10-29,Brent M2 × LSGO M1,Normal,-0.5000633974767342
2021-11-01,Brent M2 × LSGO M1,Normal,-0.8361394422967974
2021-11-02,Brent M2 × LSGO M1,Normal,-1.0466515516152133
2021-11-03,Brent M2 × LSGO M1,Normal,-1.167824245075075
2021-11-04,Brent M2 × LSGO M1,Normal,-1.0994640724372904
2021-11-05,Brent M2 × LSGO M1,Normal,-1.068377843102672
2021-11-08,Brent M2 × LSGO M1,Normal,-0.9156663257623684
2021-11-09,Brent M2 × LSGO M1,Normal,-0.9467789112564424
2021-11-10,Brent M2 × LSGO M1,Normal,-0.8155552777830294
2021-11-11,Brent M2 × LSGO M1,Normal,-0.8642828416437511
2021-11-12,Brent M2 × LSGO M1,Normal,-1.296942751598425
2021-11-15,Brent M2 × LSGO M1,Normal,-1.0903808235527277
2021-11-16,Brent M2 × LSGO M1,Normal,-1.4286124460293568
2021-11-17,Brent M2 × LSGO M1,Normal,-1.425004271838787
2021-11-18,Brent M2 × LSGO M1,Normal,-1.3542193580943496
2021-11-19,Brent M2 × LSGO M1,Normal,-1.3665710633760204
2021-11-22,Brent M2 × LSGO M1,Normal,-1.2253533912955297
2021-11-23,Brent M2 × LSGO M1,Normal,-1.1673492668383747
2021-11-24,Brent M2 × LSGO M1,Normal,-1.0566051897210018
2021-11-25,Brent M2 × LSGO M1,Normal,-1.0880259344960368
2021-11-26,Brent M2 × LSGO M1,Normal,-1.0930527003341703
2021-11-29,Brent M2 × LSGO M1,Normal,0.34773815584326506
2021-11-30,Brent M2 × LSGO M1,Normal,0.4663721232961216
2021-12-01,Brent M2 × LSGO M1,Normal,0.18740271296198915
2021-12-02,Brent M2 × LSGO M1,Normal,0.2400160936258827
2021-12-03,Brent M2 × LSGO M1,Normal,0.24133167709104691
2021-12-06,Brent M2 × LSGO M1,Normal,0.3732153525697393
2021-12-07,Brent M2 × LSGO M1,Normal,0.3324484619441934
2021-12-08,Brent M2 × LSGO M1,Normal,0.40591182219842775
2021-12-09,Brent M2 × LSGO M1,Normal,0.41649603563751136
2021-12-10,Brent M2 × LSGO M1,Normal,0.376566659748375
2021-12-13,Brent M2 × LSGO M1,Normal,0.4077719311160914
2021-12-14,Brent M2 × LSGO M1,Normal,0.4113627579556048
2021-12-15,Brent M2 × LSGO M1,Normal,0.48819962681619133
2021-12-16,Brent M2 × LSGO M1,Normal,0.47954092844140717
2021-12-17,Brent M2 × LSGO M1,Normal,0.3671162488604069
2021-12-20,Brent M2 × LSGO M1,Normal,0.3511352166561103
2021-12-21,Brent M2 × LSGO M1,Normal,0.5253540546065543
2021-12-22,Brent M2 × LSGO M1,Normal,0.723349669424152
2021-12-23,Brent M2 × LSGO M1,Normal,0.6845198618299305
2021-12-24,Brent M2 × LSGO M1,Normal,0.6913467954721106
2021-12-27,Brent M2 × LSGO M1,Normal,0.749178733224679
2021-12-28,Brent M2 × LSGO M1,Normal,0.8382593430865829
2021-12-29,Brent M2 × LSGO M1,Normal,0.8396208342302741
2021-12-30,Brent M2 × LSGO M1,Normal,0.7788055141801477
2021-12-31,Brent M2 × LSGO M1,Normal,0.7653261128693587
2022-01-03,Brent M2 × LSGO M1,Normal,0.6982951855293893
2022-01-04,Brent M2 × LSGO M1,Normal,0.7490842880029237
2022-01-05,Brent M2 × LSGO M1,Normal,0.7425033570095652
2022-01-06,Brent M2 × LSGO M1,Normal,0.7080420812404141
2022-01-07,Brent M2 × LSGO M1,Normal,0.7032098912804153
2022-01-10,Brent M2 × LSGO M1,Normal,0.7483342027442549
2022-01-11,Brent M2 × LSGO M1,Normal,0.7413635030105421
2022-01-12,Brent M2 × LSGO M1,Normal,0.7400057203981889
2022-01-13,Brent M2 × LSGO M1,Normal,0.8185585695326869
2022-01-14,Brent M2 × LSGO M1,Normal,0.8057661822003844
2022-01-17,Brent M2 × LSGO M1,Normal,0.803653963758741
2022-01-18,Brent M2 × LSGO M1,Normal,0.8049356470999882
2022-01-19,Brent M2 × LSGO M1,Normal,0.8117737432173882
2022-01-20,Brent M2 × LSGO M1,Normal,0.7999955475064833
2022-01-21,Brent M2 × LSGO M1,Normal,0.769926293845493
2022-01-24,Brent M2 × LSGO M1,Normal,0.9778871900895912
2022-01-25,Brent M2 × LSGO M1,Normal,1.0220924606109945
2022-01-26,Brent M2 × LSGO M1,Normal,1.0378159308162471
2022-01-27,Brent M2 × LSGO M1,Normal,1.0250780484846043
2022-01-28,Brent M2 × LSGO M1,Normal,1.1305283343043415
2022-01-31,Brent M2 × LSGO M1,Normal,1.0956021353081205
2022-02-01,Brent M2 × LSGO M1,Normal,1.0257287819230554
2022-02-02,Brent M2 × LSGO M1,Normal,1.0252589883838525
2022-02-03,Brent M2 × LSGO M1,Normal,1.0740960133158566
2022-02-04,Brent M2 × LSGO M1,Normal,1.1093859146012974
2022-02-07,Brent M2 × LSGO M1,Normal,1.1549846829660388
2022-02-08,Brent M2 × LSGO M1,Normal,1.168826574313478
2022-02-09,Brent M2 × LSGO M1,Normal,1.179281186734068
2022-02-10,Brent M2 × LSGO M1,Normal,1.2119576607819182
2022-02-11,Brent M2 × LSGO M1,Normal,1.1987715844994284
2022-02-14,Brent M2 × LSGO M1,Normal,1.2138071011986427
2022-02-15,Brent M2 × LSGO M1,Normal,1.2131992285615056
2022-02-16,Brent M2 × LSGO M1,Normal,1.2321599311557367
2022-02-17,Brent M2 × LSGO M1,Normal,1.2559320006142565
2022-02-18,Brent M2 × LSGO M1,Normal,1.3583037055031146
2022-02-21,Brent M2 × LSGO M1,Normal,0.6572632498683525
2022-02-22,Brent M2 × LSGO M1,Normal,0.5680818235710188
2022-02-23,Brent M2 × LSGO M1,Normal,1.0154185630145514
2022-02-24,Brent M2 × LSGO M1,Normal,0.9334295378878531
2022-02-25,Brent M2 × LSGO M1,Normal,0.3629731254583465
2022-02-28,Brent M2 × LSGO M1,Normal,0.7291291740055734
2022-03-01,Brent M2 × LSGO M1,Normal,0.668282162626635
2022-03-02,Brent M2 × LSGO M1,Normal,0.3999335751409619
2022-03-03,Brent M2 × LSGO M1,Normal,0.27123544897816
2022-03-04,Brent M2 × LSGO M1,Normal,0.460185137776776
2022-03-07,Brent M2 × LSGO M1,Crisis,0.3945189643572344
2022-03-08,Brent M2 × LSGO M1,Crisis,0.4000774054050673
2022-03-09,Brent M2 × LSGO M1,Crisis,0.24757786783649927
2022-03-10,Brent M2 × LSGO M1,Crisis,0.40996261693775576
2022-03-11,Brent M2 × LSGO M1,Crisis,0.5292657292707676
2022-03-14,Brent M2 × LSGO M1,Crisis,0.5516906632354162
2022-03-15,Brent M2 × LSGO M1,Crisis,0.4901294865842931
2022-03-16,Brent M2 × LSGO M1,Crisis,0.3192125317040481
2022-03-17,Brent M2 × LSGO M1,Crisis,0.2932080443359801
2022-03-18,Brent M2 × LSGO M1,Crisis,0.24308266517306826
2022-03-21,Brent M2 × LSGO M1,Crisis,0.23736534664135908
2022-03-22,Brent M2 × LSGO M1,Crisis,0.15240237945779578
2022-03-23,Brent M2 × LSGO M1,Crisis,0.1828312515863839
2022-03-24,Brent M2 × LSGO M1,Crisis,0.22366296877431135
2022-03-25,Brent M2 × LSGO M1,Crisis,0.1132200297064358
2022-03-28,Brent M2 × LSGO M1,Crisis,0.18282496615886268
2022-03-29,Brent M2 × LSGO M1,Crisis,0.29867007899172177
2022-03-30,Brent M2 × LSGO M1,Crisis,0.35676203301016957
2022-03-31,Brent M2 × LSGO M1,Crisis,0.42255759813255256
2022-04-01,Brent M2 × LSGO M1,Crisis,0.4388916891210117
2022-04-04,Brent M2 × LSGO M1,Crisis,0.23989238453077288
2022-04-05,Brent M2 × LSGO M1,Crisis,0.30076586120581267
2022-04-06,Brent M2 × LSGO M1,Crisis,0.3442553836495701
2022-04-07,Brent M2 × LSGO M1,Crisis,0.32090263445084943
2022-04-08,Brent M2 × LSGO M1,Crisis,0.2157575233976547
2022-04-11,Brent M2 × LSGO M1,Crisis,0.18474985937519556
2022-04-12,Brent M2 × LSGO M1,Normal,0.14413812155229616
2022-04-13,Brent M2 × LSGO M1,Normal,0.146182911169529
2022-04-14,Brent M2 × LSGO M1,Normal,0.14334418697887902
2022-04-18,Brent M2 × LSGO M1,Normal,0.09457035238356011
2022-04-19,Brent M2 × LSGO M1,Normal,0.06467614469972023
2022-04-20,Brent M2 × LSGO M1,Normal,0.1544507795700025
2022-04-21,Brent M2 × LSGO M1,Normal,0.12540635584860585
2022-04-22,Brent M2 × LSGO M1,Normal,0.10126201338074557
2022-04-25,Brent M2 × LSGO M1,Normal,0.021097736401324015
2022-04-26,Brent M2 × LSGO M1,Normal,0.11352619047051295
2022-04-27,Brent M2 × LSGO M1,Normal,0.1347639945382279
2022-04-28,Brent M2 × LSGO M1,Normal,0.12612964146698774
2022-04-29,Brent M2 × LSGO M1,Normal,0.12531673969232324
2022-05-02,Brent M2 × LSGO M1,Normal,0.1503312651082044
2022-05-03,Brent M2 × LSGO M1,Normal,0.11410739384398172
2022-05-04,Brent M2 × LSGO M1,Normal,0.10476958845391805
2022-05-05,Brent M2 × LSGO M1,Normal,0.10399047959420882
2022-05-06,Brent M2 × LSGO M1,Normal,0.04268325492860321
2022-05-09,Brent M2 × LSGO M1,Normal,0.06293519996272197
2022-05-10,Brent M2 × LSGO M1,Normal,0.21924616014372558
2022-05-11,Brent M2 × LSGO M1,Normal,0.2166821234602418
2022-05-12,Brent M2 × LSGO M1,Normal,0.13817424807255135
2022-05-13,Brent M2 × LSGO M1,Normal,0.11414118019954632
2022-05-16,Brent M2 × LSGO M1,Normal,0.10166203694849678
2022-05-17,Brent M2 × LSGO M1,Normal,0.09144275574179779
2022-05-18,Brent M2 × LSGO M1,Normal,0.030172595940037676
2022-05-19,Brent M2 × LSGO M1,Normal,0.045353453788431745
2022-05-20,Brent M2 × LSGO M1,Normal,0.032281829536381014
2022-05-23,Brent M2 × LSGO M1,Normal,0.23499044431871344
2022-05-24,Brent M2 × LSGO M1,Normal,-0.014282120912320973
2022-05-25,Brent M2 × LSGO M1,Normal,0.06935065760316234
2022-05-26,Brent M2 × LSGO M1,Normal,0.17737198080280628
2022-05-27,Brent M2 × LSGO M1,Normal,0.21654308262557542
2022-05-30,Brent M2 × LSGO M1,Normal,0.10450601028922173
2022-05-31,Brent M2 × LSGO M1,Normal,0.12779744116994574
2022-06-01,Brent M2 × LSGO M1,Normal,0.0996639327987836
2022-06-02,Brent M2 × LSGO M1,Normal,0.1770511860797463
2022-06-03,Brent M2 × LSGO M1,Normal,0.030640217825705064
2022-06-06,Brent M2 × LSGO M1,Normal,0.057671921898320676
2022-06-07,Brent M2 × LSGO M1,Normal,0.09282868319760341
2022-06-08,Brent M2 × LSGO M1,Normal,-0.31631470217013274
2022-06-09,Brent M2 × LSGO M1,Normal,-0.3487341989143109
2022-06-10,Brent M2 × LSGO M1,Normal,-0.35716578180390174
2022-06-13,Brent M2 × LSGO M1,Normal,-0.2691651091969219
2022-06-14,Brent M2 × LSGO M1,Normal,-0.33337815057007986
2022-06-15,Brent M2 × LSGO M1,Normal,-0.5458284178928773
2022-06-16,Brent M2 × LSGO M1,Normal,-0.574283355315923
2022-06-17,Brent M2 × LSGO M1,Normal,-0.827802554453795
2022-06-20,Brent M2 × LSGO M1,Normal,-0.718780710675208
2022-06-21,Brent M2 × LSGO M1,Normal,-0.7782536186555301
2022-06-22,Brent M2 × LSGO M1,Normal,-0.9412693570605621
2022-06-23,Brent M2 × LSGO M1,Normal,-0.9325949387155608
2022-06-24,Brent M2 × LSGO M1,Normal,-1.1010195594537382
2022-06-27,Brent M2 × LSGO M1,Normal,-1.137465398499623
2022-06-28,Brent M2 × LSGO M1,Normal,-1.0936543797081326
2022-06-29,Brent M2 × LSGO M1,Normal,-1.2978434322969847
2022-06-30,Brent M2 × LSGO M1,Normal,-1.3563443405338806
2022-07-01,Brent M2 × LSGO M1,Normal,-1.136146846931233
2022-07-04,Brent M2 × LSGO M1,Normal,-1.0166805181759584
2022-07-05,Brent M2 × LSGO M1,Normal,-0.9476756952243263
2022-07-06,Brent M2 × LSGO M1,Normal,-0.42024466097153157
2022-07-07,Brent M2 × LSGO M1,Normal,-0.5632568334275632
2022-07-08,Brent M2 × LSGO M1,Normal,-0.4615620254267304
2022-07-11,Brent M2 × LSGO M1,Normal,-0.41810805790914596
2022-07-12,Brent M2 × LSGO M1,Normal,-0.40803246908519497
2022-07-13,Brent M2 × LSGO M1,Normal,-0.42363815055138315
2022-07-14,Brent M2 × LSGO M1,Normal,-0.4169653412448954
2022-07-15,Brent M2 × LSGO M1,Normal,-0.4225920609103849
2022-07-18,Brent M2 × LSGO M1,Normal,-0.3567689609980652
2022-07-19,Brent M2 × LSGO M1,Normal,-0.38064676479721166
2022-07-20,Brent M2 × LSGO M1,Normal,-0.3508865016369342
2022-07-21,Brent M2 × LSGO M1,Normal,-0.3450523172098133
2022-07-22,Brent M2 × LSGO M1,Normal,-0.34077011081500397
2022-07-25,Brent M2 × LSGO M1,Normal,-0.3319984952119291
2022-07-26,Brent M2 × LSGO M1,Normal,-0.35640711154030735
2022-07-27,Brent M2 × LSGO M1,Normal,-0.35139012388000374
2022-07-28,Brent M2 × LSGO M1,Normal,-0.37299426183994927
2022-07-29,Brent M2 × LSGO M1,Normal,-0.3899744696938614
2022-08-01,Brent M2 × LSGO M1,Normal,-0.4005006378066315
2022-08-02,Brent M2 × LSGO M1,Normal,-0.40210669130494525
2022-08-03,Brent M2 × LSGO M1,Normal,-0.37361943713124507
2022-08-04,Brent M2 × LSGO M1,Normal,-0.43492129888127773
2022-08-05,Brent M2 × LSGO M1,Normal,-0.4015228763870753
2022-08-08,Brent M2 × LSGO M1,Normal,-0.3845054423450626
2022-08-09,Brent M2 × LSGO M1,Normal,-0.44375156346268724
2022-08-10,Brent M2 × LSGO M1,Normal,-0.427673057456166
2022-08-11,Brent M2 × LSGO M1,Normal,-0.4916364298763415
2022-08-12,Brent M2 × LSGO M1,Normal,-0.4618318775494783
2022-08-15,Brent M2 × LSGO M1,Normal,-0.44719107527672886
2022-08-16,Brent M2 × LSGO M1,Normal,-0.41924008133971186
2022-08-17,Brent M2 × LSGO M1,Normal,-0.4494601528248755
2022-08-18,Brent M2 × LSGO M1,Normal,-0.46202103086881935
2022-08-19,Brent M2 × LSGO M1,Normal,-0.4622404162600409
2022-08-22,Brent M2 × LSGO M1,Normal,-0.45768825640154015
2022-08-23,Brent M2 × LSGO M1,Normal,-0.44757774832360353
2022-08-24,Brent M2 × LSGO M1,Normal,-0.41274480403422176
2022-08-25,Brent M2 × LSGO M1,Normal,-0.4006858485940842
2022-08-26,Brent M2 × LSGO M1,Normal,-0.42002602051640053
2022-08-29,Brent M2 × LSGO M1,Normal,-0.42484694907906645
2022-08-30,Brent M2 × LSGO M1,Normal,-0.414985939245683
2022-08-31,Brent M2 × LSGO M1,Normal,-0.15161736022557182
2022-09-01,Brent M2 × LSGO M1,Normal,-0.15579084016099962
2022-09-02,Brent M2 × LSGO M1,Normal,-0.11730583685685815
2022-09-05,Brent M2 × LSGO M1,Normal,-0.11362278643818241
2022-09-06,Brent M2 × LSGO M1,Normal,-0.1225271365609576
2022-09-07,Brent M2 × LSGO M1,Normal,-0.15593425324098356
2022-09-08,Brent M2 × LSGO M1,Normal,-0.18281853553710325
2022-09-09,Brent M2 × LSGO M1,Normal,-0.0783623276314052
2022-09-12,Brent M2 × LSGO M1,Normal,-0.018057376109432942
2022-09-13,Brent M2 × LSGO M1,Normal,-0.022739793472139894
2022-09-14,Brent M2 × LSGO M1,Normal,-0.012927037679407373
2022-09-15,Brent M2 × LSGO M1,Normal,0.00766434200132634
2022-09-16,Brent M2 × LSGO M1,Normal,0.1735010409155512
2022-09-19,Brent M2 × LSGO M1,Normal,0.22664094547631705
2022-09-20,Brent M2 × LSGO M1,Normal,0.29866811010135474
2022-09-21,Brent M2 × LSGO M1,Normal,0.29885819398131785
2022-09-22,Brent M2 × LSGO M1,Normal,0.30710822956934813
2022-09-23,Brent M2 × LSGO M1,Normal,0.31824860815031053
2022-09-26,Brent M2 × LSGO M1,Normal,0.36025716921787937
2022-09-27,Brent M2 × LSGO M1,Normal,0.34335311883489117
2022-09-28,Brent M2 × LSGO M1,Normal,0.18848068323264636
2022-09-29,Brent M2 × LSGO M1,Normal,0.37981555075424245
2022-09-30,Brent M2 × LSGO M1,Normal,0.23543391257250365
2022-10-03,Brent M2 × LSGO M1,Normal,0.19460688471018978
2022-10-04,Brent M2 × LSGO M1,Normal,0.24670423800099672
2022-10-05,Brent M2 × LSGO M1,Normal,0.1784976883675256
2022-10-06,Brent M2 × LSGO M1,Normal,0.1369885813351719
2022-10-07,Brent M2 × LSGO M1,Normal,0.1588312143768322
2022-10-10,Brent M2 × LSGO M1,Normal,0.18006928656090532
2022-10-11,Brent M2 × LSGO M1,Normal,0.14433268505105712
2022-10-12,Brent M2 × LSGO M1,Normal,0.16926996960973456
2022-10-13,Brent M2 × LSGO M1,Normal,0.13426068684330308
2022-10-14,Brent M2 × LSGO M1,Normal,0.1522802122391486
2022-10-17,Brent M2 × LSGO M1,Normal,0.17984619769885005
2022-10-18,Brent M2 × LSGO M1,Normal,0.23217823484139197
2022-10-19,Brent M2 × LSGO M1,Normal,0.11770603014615558
2022-10-20,Brent M2 × LSGO M1,Normal,0.07608299574050431
2022-10-21,Brent M2 × LSGO M1,Normal,0.11277092579336381
2022-10-24,Brent M2 × LSGO M1,Normal,0.13350294946746785
2022-10-25,Brent M2 × LSGO M1,Normal,-0.06071849985690632
2022-10-26,Brent M2 × LSGO M1,Normal,-0.10502526669182569
2022-10-27,Brent M2 × LSGO M1,Normal,-0.05143843597232107
2022-10-28,Brent M2 × LSGO M1,Normal,-0.09757141934165818
2022-10-31,Brent M2 × LSGO M1,Normal,-0.0873166215539509
2022-11-01,Brent M2 × LSGO M1,Normal,0.036722282812784605
2022-11-02,Brent M2 × LSGO M1,Normal,0.08377380088496
2022-11-03,Brent M2 × LSGO M1,Normal,0.1735501647307038
2022-11-04,Brent M2 × LSGO M1,Normal,0.1317407843205247
2022-11-07,Brent M2 × LSGO M1,Normal,0.12785121715235695
2022-11-08,Brent M2 × LSGO M1,Normal,0.10692870941516895
2022-11-09,Brent M2 × LSGO M1,Normal,0.14364202059864475
2022-11-10,Brent M2 × LSGO M1,Normal,0.21567300226463243
2022-11-11,Brent M2 × LSGO M1,Normal,0.2557966519511197
2022-11-14,Brent M2 × LSGO M1,Normal,0.2017044961188317
2022-11-15,Brent M2 × LSGO M1,Normal,0.19849296116106332
2022-11-16,Brent M2 × LSGO M1,Normal,0.19508846419393458
2022-11-17,Brent M2 × LSGO M1,Normal,0.11570240632129336
2022-11-18,Brent M2 × LSGO M1,Normal,0.1581196204397706
2022-11-21,Brent M2 × LSGO M1,Normal,0.16320117979113632
2022-11-22,Brent M2 × LSGO M1,Normal,0.10262404657219974
2022-11-23,Brent M2 × LSGO M1,Normal,-0.15216623668474852
2022-11-24,Brent M2 × LSGO M1,Normal,-0.13739665031874648
2022-11-25,Brent M2 × LSGO M1,Normal,-0.1983713590569385
2022-11-28,Brent M2 × LSGO M1,Normal,-0.19740091435769724
2022-11-29,Brent M2 × LSGO M1,Normal,-0.13659705588268667
2022-11-30,Brent M2 × LSGO M1,Normal,-0.0493617812050951
2022-12-01,Brent M2 × LSGO M1,Normal,0.04158194764001451
2022-12-02,Brent M2 × LSGO M1,Normal,0.038640644479473074
2022-12-05,Brent M2 × LSGO M1,Normal,-0.0753244634825774
2022-12-06,Brent M2 × LSGO M1,Normal,-0.073042236564759
2022-12-07,Brent M2 × LSGO M1,Normal,0.017336622502527127
2022-12-08,Brent M2 × LSGO M1,Normal,-0.0075106129314928705
2022-12-09,Brent M2 × LSGO M1,Normal,-0.06655993365456152
2022-12-12,Brent M2 × LSGO M1,Normal,-0.0909281922078722
2022-12-13,Brent M2 × LSGO M1,Normal,-0.029930305832960816
2022-12-14,Brent M2 × LSGO M1,Normal,0.14317315330745267
2022-12-15,Brent M2 × LSGO M1,Normal,0.13357102253552303
2022-12-16,Brent M2 × LSGO M1,Normal,0.10381941284335269
2022-12-19,Brent M2 × LSGO M1,Normal,0.058590861835243487
2022-12-20,Brent M2 × LSGO M1,Normal,0.03507781567492147
2022-12-21,Brent M2 × LSGO M1,Normal,0.029186288059342865
2022-12-22,Brent M2 × LSGO M1,Normal,0.003022476847679866
2022-12-23,Brent M2 × LSGO M1,Normal,0.05792320769628814
2022-12-27,Brent M2 × LSGO M1,Normal,-0.059582201548697096
2022-12-28,Brent M2 × LSGO M1,Normal,-0.058019188443034976
2022-12-29,Brent M2 × LSGO M1,Normal,-0.058509760074968054
2022-12-30,Brent M2 × LSGO M1,Normal,-0.006107014500707627
2023-01-03,Brent M2 × LSGO M1,Normal,-0.032909099579515794
2023-01-04,Brent M2 × LSGO M1,Normal,-0.22614343823838523
2023-01-05,Brent M2 × LSGO M1,Normal,-0.06594357991675948
2023-01-06,Brent M2 × LSGO M1,Normal,-0.09047904280934398
2023-01-09,Brent M2 × LSGO M1,Normal,-0.0218529349024575
2023-01-10,Brent M2 × LSGO M1,Normal,-0.053778592075843776
2023-01-11,Brent M2 × LSGO M1,Normal,-0.10702248874112615
2023-01-12,Brent M2 × LSGO M1,Normal,-0.05553934541035455
2023-01-13,Brent M2 × LSGO M1,Normal,0.10682938209106203
2023-01-16,Brent M2 × LSGO M1,Normal,0.1562613703960192
2023-01-17,Brent M2 × LSGO M1,Normal,0.15421890281954137
2023-01-18,Brent M2 × LSGO M1,Normal,0.10434038402049323
2023-01-19,Brent M2 × LSGO M1,Normal,0.17369984213838582
2023-01-20,Brent M2 × LSGO M1,Normal,0.055396449327979255
2023-01-23,Brent M2 × LSGO M1,Normal,0.027649210102273284
2023-01-24,Brent M2 × LSGO M1,Normal,0.08590152202432934
2023-01-25,Brent M2 × LSGO M1,Normal,0.10770698872413062
2023-01-26,Brent M2 × LSGO M1,Normal,0.13352715634765616
2023-01-27,Brent M2 × LSGO M1,Normal,0.13387210805628474
2023-01-30,Brent M2 × LSGO M1,Normal,0.14314111979043115
2023-01-31,Brent M2 × LSGO M1,Normal,0.19449248049050769
2023-02-01,Brent M2 × LSGO M1,Normal,0.20639041650567677
2023-02-02,Brent M2 × LSGO M1,Normal,0.16141484375039217
2023-02-03,Brent M2 × LSGO M1,Normal,0.15431996266755352
2023-02-06,Brent M2 × LSGO M1,Normal,-0.03733156145549127
2023-02-07,Brent M2 × LSGO M1,Normal,-0.12881881294449554
2023-02-08,Brent M2 × LSGO M1,Normal,0.08024803660835136
2023-02-09,Brent M2 × LSGO M1,Normal,0.0399527350989661
2023-02-10,Brent M2 × LSGO M1,Normal,0.0031620578497131738
2023-02-13,Brent M2 × LSGO M1,Normal,0.05710366258971636
2023-02-14,Brent M2 × LSGO M1,Normal,-0.012035406252240918
2023-02-15,Brent M2 × LSGO M1,Normal,-0.013987620882995044
2023-02-16,Brent M2 × LSGO M1,Normal,0.023454493315533856
2023-02-17,Brent M2 × LSGO M1,Normal,0.036300981492137896
2023-02-20,Brent M2 × LSGO M1,Normal,-0.003448501227536957
2023-02-21,Brent M2 × LSGO M1,Normal,-0.029817317958146877
2023-02-22,Brent M2 × LSGO M1,Normal,-0.02750163902887064
2023-02-23,Brent M2 × LSGO M1,Normal,0.027061163227191834
2023-02-24,Brent M2 × LSGO M1,Normal,0.036000117003858446
2023-02-27,Brent M2 × LSGO M1,Normal,-0.018870464970828938
2023-02-28,Brent M2 × LSGO M1,Normal,-0.14765022683426146
2023-03-01,Brent M2 × LSGO M1,Normal,-0.14729446842541508
2023-03-02,Brent M2 × LSGO M1,Normal,-0.19647583435459604
2023-03-03,Brent M2 × LSGO M1,Normal,-0.32086405466723295
2023-03-06,Brent M2 × LSGO M1,Normal,-0.32625873306174935
2023-03-07,Brent M2 × LSGO M1,Normal,-0.3411367341043516
2023-03-08,Brent M2 × LSGO M1,Normal,-0.27260585107378815
2023-03-09,Brent M2 × LSGO M1,Normal,-0.36136513911001317
2023-03-10,Brent M2 × LSGO M1,Normal,-0.36023741996087566
2023-03-13,Brent M2 × LSGO M1,Normal,-0.3697745579723302
2023-03-14,Brent M2 × LSGO M1,Normal,-0.3993718630985808
2023-03-15,Brent M2 × LSGO M1,Normal,-0.4263706605288672
2023-03-16,Brent M2 × LSGO M1,Normal,-0.1001240936826808
2023-03-17,Brent M2 × LSGO M1,Normal,-0.07570252008165075
2023-03-20,Brent M2 × LSGO M1,Normal,-0.15473951897681396
2023-03-21,Brent M2 × LSGO M1,Normal,-0.19922193851771455
2023-03-22,Brent M2 × LSGO M1,Normal,0.0060652820586121195
2023-03-23,Brent M2 × LSGO M1,Normal,-0.08771058699896252
2023-03-24,Brent M2 × LSGO M1,Normal,-0.008791977801647269
2023-03-27,Brent M2 × LSGO M1,Normal,-0.002491229102187516
2023-03-28,Brent M2 × LSGO M1,Normal,0.008566558912307438
2023-03-29,Brent M2 × LSGO M1,Normal,0.18652346161251943
2023-03-30,Brent M2 × LSGO M1,Normal,-0.02878291701940285
2023-03-31,Brent M2 × LSGO M1,Normal,-0.034308530720932956
2023-04-03,Brent M2 × LSGO M1,Normal,-0.06124283248906949
2023-04-04,Brent M2 × LSGO M1,Normal,0.08404623579097838
2023-04-05,Brent M2 × LSGO M1,Normal,0.09813421010728852
2023-04-06,Brent M2 × LSGO M1,Normal,0.07936838296759746
2023-04-10,Brent M2 × LSGO M1,Normal,0.04646436624844667
2023-04-11,Brent M2 × LSGO M1,Normal,-0.004561256075175439
2023-04-12,Brent M2 × LSGO M1,Normal,-0.020757514970803605
2023-04-13,Brent M2 × LSGO M1,Normal,0.02003970805471423
2023-04-14,Brent M2 × LSGO M1,Normal,0.005702144152109061
2023-04-17,Brent M2 × LSGO M1,Normal,0.16260904864458545
2023-04-18,Brent M2 × LSGO M1,Normal,0.1182600659669382
2023-04-19,Brent M2 × LSGO M1,Normal,0.09774181252127251
2023-04-20,Brent M2 × LSGO M1,Normal,0.08431419371360328
2023-04-21,Brent M2 × LSGO M1,Normal,0.10878648541326617
2023-04-24,Brent M2 × LSGO M1,Normal,0.019209687368938477
2023-04-25,Brent M2 × LSGO M1,Normal,0.07315890363307452
2023-04-26,Brent M2 × LSGO M1,Normal,0.13993905081181435
2023-04-27,Brent M2 × LSGO M1,Normal,0.0697754663643837
2023-04-28,Brent M2 × LSGO M1,Normal,0.1766216842447777
2023-05-01,Brent M2 × LSGO M1,Normal,0.022444776793395748
2023-05-02,Brent M2 × LSGO M1,Normal,0.03358681273720269
2023-05-03,Brent M2 × LSGO M1,Normal,0.35789759847901853
2023-05-04,Brent M2 × LSGO M1,Normal,0.07586046513828111
2023-05-05,Brent M2 × LSGO M1,Normal,0.07038316868951908
2023-05-08,Brent M2 × LSGO M1,Normal,0.14915428899948482
2023-05-09,Brent M2 × LSGO M1,Normal,0.3006657504432187
2023-05-10,Brent M2 × LSGO M1,Normal,0.18979644789544817
2023-05-11,Brent M2 × LSGO M1,Normal,0.12213781385319306
2023-05-12,Brent M2 × LSGO M1,Normal,0.14961146292448257
2023-05-15,Brent M2 × LSGO M1,Normal,0.16842556718901974
2023-05-16,Brent M2 × LSGO M1,Normal,0.16567505367452753
2023-05-17,Brent M2 × LSGO M1,Normal,0.2032842514894411
2023-05-18,Brent M2 × LSGO M1,Normal,0.15721475677478966
2023-05-19,Brent M2 × LSGO M1,Normal,0.13572448698153974
2023-05-22,Brent M2 × LSGO M1,Normal,0.03158608344216547
2023-05-23,Brent M2 × LSGO M1,Normal,0.045216806683432684
2023-05-24,Brent M2 × LSGO M1,Normal,0.1642145285174177
2023-05-25,Brent M2 × LSGO M1,Normal,0.1749476476233123
2023-05-26,Brent M2 × LSGO M1,Normal,0.2520706182518958
2023-05-29,Brent M2 × LSGO M1,Normal,0.2908121700727266
2023-05-30,Brent M2 × LSGO M1,Normal,0.2954786415045048
2023-05-31,Brent M2 × LSGO M1,Normal,0.2264270328293911
2023-06-01,Brent M2 × LSGO M1,Normal,0.204166588735927
2023-06-02,Brent M2 × LSGO M1,Normal,0.17346922472085005
2023-06-05,Brent M2 × LSGO M1,Normal,0.19344857287327183
2023-06-06,Brent M2 × LSGO M1,Normal,0.15467862471854002
2023-06-07,Brent M2 × LSGO M1,Normal,0.17983824010090912
2023-06-08,Brent M2 × LSGO M1,Normal,0.18159282470540916
2023-06-09,Brent M2 × LSGO M1,Normal,-0.11826024576692395
2023-06-12,Brent M2 × LSGO M1,Normal,-0.12566895912868994
2023-06-13,Brent M2 × LSGO M1,Normal,0.002628624003976483
2023-06-14,Brent M2 × LSGO M1,Normal,-0.02311806876544695
2023-06-15,Brent M2 × LSGO M1,Normal,-0.026474261746717593
2023-06-16,Brent M2 × LSGO M1,Normal,-0.07697401048756661
2023-06-19,Brent M2 × LSGO M1,Normal,-0.04435134879837235
2023-06-20,Brent M2 × LSGO M1,Normal,-0.0682214083687958
2023-06-21,Brent M2 × LSGO M1,Normal,-0.05497298277135781
2023-06-22,Brent M2 × LSGO M1,Normal,0.0006519114997084824
2023-06-23,Brent M2 × LSGO M1,Normal,0.04403221624997442
2023-06-26,Brent M2 × LSGO M1,Normal,0.0338678630103972
2023-06-27,Brent M2 × LSGO M1,Normal,0.053084357631189454
2023-06-28,Brent M2 × LSGO M1,Normal,-0.01050422994822194
2023-06-29,Brent M2 × LSGO M1,Normal,-0.0460775053749822
2023-06-30,Brent M2 × LSGO M1,Normal,-0.074566589769563
2023-07-03,Brent M2 × LSGO M1,Normal,-0.02603805426551574
2023-07-04,Brent M2 × LSGO M1,Normal,-0.08334453212971842
2023-07-05,Brent M2 × LSGO M1,Normal,-0.14943192403200226
2023-07-06,Brent M2 × LSGO M1,Normal,-0.14889154795114543
2023-07-07,Brent M2 × LSGO M1,Normal,-0.12158737660827702
2023-07-10,Brent M2 × LSGO M1,Crisis,-0.04200045243811147
2023-07-11,Brent M2 × LSGO M1,Crisis,-0.04311248294715702
2023-07-12,Brent M2 × LSGO M1,Crisis,-0.03505047752729071
2023-07-13,Brent M2 × LSGO M1,Crisis,-0.06242063333653915
2023-07-14,Brent M2 × LSGO M1,Crisis,-0.11468666702189854
2023-07-17,Brent M2 × LSGO M1,Crisis,-0.09453378984039806
2023-07-18,Brent M2 × LSGO M1,Crisis,-0.11928048497611365
2023-07-19,Brent M2 × LSGO M1,Crisis,-0.1533458483484467
2023-07-20,Brent M2 × LSGO M1,Crisis,-0.12161147343916491
2023-07-21,Brent M2 × LSGO M1,Crisis,-0.15808589043912347
2023-07-24,Brent M2 × LSGO M1,Crisis,-0.06341748463056726
2023-07-25,Brent M2 × LSGO M1,Crisis,0.030947464972205657
2023-07-26,Brent M2 × LSGO M1,Crisis,-0.12428418833703436
2023-07-27,Brent M2 × LSGO M1,Crisis,-0.11622914647954767
2023-07-28,Brent M2 × LSGO M1,Crisis,-0.09778486850597111
2023-07-31,Brent M2 × LSGO M1,Crisis,-0.1566718215828115
2023-08-01,Brent M2 × LSGO M1,Crisis,-0.22099632184896606
2023-08-02,Brent M2 × LSGO M1,Crisis,-0.1407587459834421
2023-08-03,Brent M2 × LSGO M1,Crisis,-0.06622476080755896
2023-08-04,Brent M2 × LSGO M1,Crisis,-0.024115207183010943
2023-08-07,Brent M2 × LSGO M1,Crisis,-0.04806034668341415
2023-08-08,Brent M2 × LSGO M1,Crisis,-0.034276969018420624
2023-08-09,Brent M2 × LSGO M1,Crisis,-0.06831299346934536
2023-08-10,Brent M2 × LSGO M1,Crisis,-0.01476958974904013
2023-08-11,Brent M2 × LSGO M1,Crisis,-0.01964139004719476
2023-08-14,Brent M2 × LSGO M1,Crisis,0.06983989919643996
2023-08-15,Brent M2 × LSGO M1,Crisis,0.07666224658561963
2023-08-16,Brent M2 × LSGO M1,Crisis,0.0840164156781521
2023-08-17,Brent M2 × LSGO M1,Crisis,0.10170669164638395
2023-08-18,Brent M2 × LSGO M1,Crisis,-0.006882431044692662
2023-08-21,Brent M2 × LSGO M1,Crisis,-0.08073467635787002
2023-08-22,Brent M2 × LSGO M1,Crisis,-0.07173536419290409
2023-08-23,Brent M2 × LSGO M1,Crisis,-0.06978754899587856
2023-08-24,Brent M2 × LSGO M1,Crisis,0.008746788655472277
2023-08-25,Brent M2 × LSGO M1,Crisis,0.045143463691538495
2023-08-28,Brent M2 × LSGO M1,Crisis,0.03001957877819162
2023-08-29,Brent M2 × LSGO M1,Crisis,0.08309373073838447
2023-08-30,Brent M2 × LSGO M1,Crisis,-0.044990520710032456
2023-08-31,Brent M2 × LSGO M1,Crisis,-0.03496477202657673
2023-09-01,Brent M2 × LSGO M1,Crisis,-0.010720748123988589
2023-09-04,Brent M2 × LSGO M1,Crisis,0.05163909193505307
2023-09-05,Brent M2 × LSGO M1,Crisis,-0.20215294224672015
2023-09-06,Brent M2 × LSGO M1,Crisis,-0.1658627481057521
2023-09-07,Brent M2 × LSGO M1,Crisis,-0.14371143863639546
2023-09-08,Brent M2 × LSGO M1,Crisis,0.005059054792779327
2023-09-11,Brent M2 × LSGO M1,Crisis,-0.09677412068877718
2023-09-12,Brent M2 × LSGO M1,Crisis,-0.1094915047750064
2023-09-13,Brent M2 × LSGO M1,Crisis,-0.11875012977043936
2023-09-14,Brent M2 × LSGO M1,Crisis,-0.24405599083988974
2023-09-15,Brent M2 × LSGO M1,Crisis,-0.4928819982446043
2023-09-18,Brent M2 × LSGO M1,Crisis,-0.44177786477377123
2023-09-19,Brent M2 × LSGO M1,Crisis,-0.4625157873442559
2023-09-20,Brent M2 × LSGO M1,Crisis,-0.44379763734808747
2023-09-21,Brent M2 × LSGO M1,Crisis,-0.3432819772743054
2023-09-22,Brent M2 × LSGO M1,Crisis,-0.4098684213170067
2023-09-25,Brent M2 × LSGO M1,Crisis,-0.5344752798157385
2023-09-26,Brent M2 × LSGO M1,Crisis,-0.3933277556803874
2023-09-27,Brent M2 × LSGO M1,Crisis,-0.07875924380248032
2023-09-28,Brent M2 × LSGO M1,Crisis,-0.036607522852234994
2023-09-29,Brent M2 × LSGO M1,Crisis,-0.18613966008330177
2023-10-02,Brent M2 × LSGO M1,Crisis,-0.446949776566323
2023-10-03,Brent M2 × LSGO M1,Crisis,-0.3766926020205125
2023-10-04,Brent M2 × LSGO M1,Crisis,-0.42622396194322365
2023-10-05,Brent M2 × LSGO M1,Crisis,-0.7489935797827322
2023-10-06,Brent M2 × LSGO M1,Crisis,-0.4676142294742732
2023-10-09,Brent M2 × LSGO M1,Crisis,-0.41575228432557454
2023-10-10,Brent M2 × LSGO M1,Crisis,-0.3751722090532778
2023-10-11,Brent M2 × LSGO M1,Crisis,-0.33377905397792024
2023-10-12,Brent M2 × LSGO M1,Crisis,-0.3778649369414324
2023-10-13,Brent M2 × LSGO M1,Crisis,-0.3737397612112981
2023-10-16,Brent M2 × LSGO M1,Crisis,-0.2646622848770409
2023-10-17,Brent M2 × LSGO M1,Crisis,-0.32106569472786206
2023-10-18,Brent M2 × LSGO M1,Crisis,-0.3455909857067507
2023-10-19,Brent M2 × LSGO M1,Crisis,-0.2643948266422189
2023-10-20,Brent M2 × LSGO M1,Crisis,-0.23977031895443507
2023-10-23,Brent M2 × LSGO M1,Crisis,-0.28685187463411965
2023-10-24,Brent M2 × LSGO M1,Crisis,-0.2548531898673808
2023-10-25,Brent M2 × LSGO M1,Crisis,-0.15469941062134696
2023-10-26,Brent M2 × LSGO M1,Crisis,-0.20344890694243747
2023-10-27,Brent M2 × LSGO M1,Crisis,-0.37623347765014353
2023-10-30,Brent M2 × LSGO M1,Crisis,-0.48767285030065066
2023-10-31,Brent M2 × LSGO M1,Crisis,-0.47037322809574794
2023-11-01,Brent M2 × LSGO M1,Crisis,-0.45078944180342606
2023-11-02,Brent M2 × LSGO M1,Crisis,-0.5104265477390507
2023-11-03,Brent M2 × LSGO M1,Crisis,-0.5788345923875737
2023-11-06,Brent M2 × LSGO M1,Crisis,-0.5386832423147475
2023-11-07,Brent M2 × LSGO M1,Normal,-0.5491874261292232
2023-11-08,Brent M2 × LSGO M1,Normal,-0.4158327695102401
2023-11-09,Brent M2 × LSGO M1,Normal,-0.3950326301122721
2023-11-10,Brent M2 × LSGO M1,Normal,-0.4409543939214231
2023-11-13,Brent M2 × LSGO M1,Normal,-0.44337939593892767
2023-11-14,Brent M2 × LSGO M1,Normal,-0.4329054577050436
2023-11-15,Brent M2 × LSGO M1,Normal,-0.4715838879588576
2023-11-16,Brent M2 × LSGO M1,Normal,-0.4735366006154167
2023-11-17,Brent M2 × LSGO M1,Normal,-0.4116360561366652
2023-11-20,Brent M2 × LSGO M1,Normal,-0.42211885840753544
2023-11-21,Brent M2 × LSGO M1,Normal,-0.3432107164359443
2023-11-22,Brent M2 × LSGO M1,Normal,-0.27222901229204266
2023-11-23,Brent M2 × LSGO M1,Normal,-0.24004395784122626
2023-11-24,Brent M2 × LSGO M1,Normal,-0.2537219604805115
2023-11-27,Brent M2 × LSGO M1,Normal,-0.34631395251582525
2023-11-28,Brent M2 × LSGO M1,Crisis,-0.2914350076598463
2023-11-29,Brent M2 × LSGO M1,Normal,-0.2776689133859594
2023-11-30,Brent M2 × LSGO M1,Normal,-0.34319085090707296
2023-12-01,Brent M2 × LSGO M1,Normal,-0.2718371242030545
2023-12-04,Brent M2 × LSGO M1,Normal,-0.3811312685897223
2023-12-05,Brent M2 × LSGO M1,Normal,-0.4139976674446685
2023-12-06,Brent M2 × LSGO M1,Normal,-0.42086208347743614
2023-12-07,Brent M2 × LSGO M1,Normal,-0.3350938053086835
2023-12-08,Brent M2 × LSGO M1,Normal,-0.36712087177915764
2023-12-11,Brent M2 × LSGO M1,Normal,-0.37216428580598404
2023-12-12,Brent M2 × LSGO M1,Normal,-0.3935565966625649
2023-12-13,Brent M2 × LSGO M1,Normal,-0.3749669579566998
2023-12-14,Brent M2 × LSGO M1,Normal,-0.35942717628663473
2023-12-15,Brent M2 × LSGO M1,Normal,-0.28487228002377046
2023-12-18,Brent M2 × LSGO M1,Normal,-0.26819479127596835
2023-12-19,Brent M2 × LSGO M1,Normal,-0.22074741405287496
2023-12-20,Brent M2 × LSGO M1,Normal,-0.2279696225428881
2023-12-21,Brent M2 × LSGO M1,Normal,-0.24872280492380086
2023-12-22,Brent M2 × LSGO M1,Normal,-0.22896006170796562
2023-12-26,Brent M2 × LSGO M1,Normal,-0.2465903655021346
2023-12-27,Brent M2 × LSGO M1,Normal,-0.29610826013357056
2023-12-28,Brent M2 × LSGO M1,Normal,-0.2914283767576309
2023-12-29,Brent M2 × LSGO M1,Normal,-0.10409322441126556
2024-01-02,Brent M2 × LSGO M1,Normal,-0.18467799505559715
2024-01-03,Brent M2 × LSGO M1,Normal,-0.18418552159202037
2024-01-04,Brent M2 × LSGO M1,Normal,-0.14638064183919045
2024-01-05,Brent M2 × LSGO M1,Normal,-0.12900416873962378
2024-01-08,Brent M2 × LSGO M1,Normal,-0.06986088392233518
2024-01-09,Brent M2 × LSGO M1,Normal,-0.046671680691774305
2024-01-10,Brent M2 × LSGO M1,Normal,-0.06696532394368784
2024-01-11,Brent M2 × LSGO M1,Normal,-0.07609655031179079
2024-01-12,Brent M2 × LSGO M1,Normal,-0.009910942811918896
2024-01-15,Brent M2 × LSGO M1,Normal,-0.10457657325898151
2024-01-16,Brent M2 × LSGO M1,Normal,-0.09967516532277658
2024-01-17,Brent M2 × LSGO M1,Normal,-0.07774975315217138
2024-01-18,Brent M2 × LSGO M1,Normal,-0.08472695603882448
2024-01-19,Brent M2 × LSGO M1,Normal,-0.10249893657914633
2024-01-22,Brent M2 × LSGO M1,Normal,-0.10532636869846361
2024-01-23,Brent M2 × LSGO M1,Normal,-0.0895565603650873
2024-01-24,Brent M2 × LSGO M1,Normal,-0.03776839819201538
2024-01-25,Brent M2 × LSGO M1,Normal,-0.026933710210336585
2024-01-26,Brent M2 × LSGO M1,Normal,-0.02529903289507152
2024-01-29,Brent M2 × LSGO M1,Normal,-0.028290571920561006
2024-01-30,Brent M2 × LSGO M1,Normal,-0.07155309652372065
2024-01-31,Brent M2 × LSGO M1,Normal,-0.10281255208145305
2024-02-01,Brent M2 × LSGO M1,Normal,-0.12363236314751208
2024-02-02,Brent M2 × LSGO M1,Normal,-0.29936728816893404
2024-02-05,Brent M2 × LSGO M1,Normal,-0.17818308341152672
2024-02-06,Brent M2 × LSGO M1,Normal,-0.13849406345821483
2024-02-07,Brent M2 × LSGO M1,Crisis,-0.1039822621552238
2024-02-08,Brent M2 × LSGO M1,Crisis,-0.10259237067625392
2024-02-09,Brent M2 × LSGO M1,Crisis,-0.07697959516542068
2024-02-12,Brent M2 × LSGO M1,Crisis,-0.0674794705383772
2024-02-13,Brent M2 × LSGO M1,Crisis,-0.07545865789655652
2024-02-14,Brent M2 × LSGO M1,Crisis,0.002412455136714736
2024-02-15,Brent M2 × LSGO M1,Crisis,-0.08683454462645801
2024-02-16,Brent M2 × LSGO M1,Crisis,-0.08953724678049256
2024-02-19,Brent M2 × LSGO M1,Crisis,-0.14418663996693645
2024-02-20,Brent M2 × LSGO M1,Crisis,-0.09847826333290201
2024-02-21,Brent M2 × LSGO M1,Crisis,-0.030984006603011968
2024-02-22,Brent M2 × LSGO M1,Crisis,-0.07253502432081535
2024-02-23,Brent M2 × LSGO M1,Crisis,-0.09374474375339593
2024-02-26,Brent M2 × LSGO M1,Crisis,-0.014347852198020516
2024-02-27,Brent M2 × LSGO M1,Crisis,-0.09587313111050186
2024-02-28,Brent M2 × LSGO M1,Crisis,0.09097185878096543
2024-02-29,Brent M2 × LSGO M1,Crisis,0.15097513322802272
2024-03-01,Brent M2 × LSGO M1,Crisis,0.14616997067814239
2024-03-04,Brent M2 × LSGO M1,Crisis,0.042430686552999475
2024-03-05,Brent M2 × LSGO M1,Crisis,-0.003729883422758539
2024-03-06,Brent M2 × LSGO M1,Crisis,-0.03275105140656337
2024-03-07,Brent M2 × LSGO M1,Crisis,0.014459722943419868
2024-03-08,Brent M2 × LSGO M1,Crisis,-0.052115329445145846
2024-03-11,Brent M2 × LSGO M1,Crisis,-0.012444397469389797
2024-03-12,Brent M2 × LSGO M1,Crisis,-0.09866919662513385
2024-03-13,Brent M2 × LSGO M1,Normal,-0.10807517570733347
2024-03-14,Brent M2 × LSGO M1,Crisis,-0.19412050191790756
2024-03-15,Brent M2 × LSGO M1,Crisis,-0.152908749555998
2024-03-18,Brent M2 × LSGO M1,Crisis,-0.12988323304643015
2024-03-19,Brent M2 × LSGO M1,Crisis,-0.16426281255830463
2024-03-20,Brent M2 × LSGO M1,Crisis,-0.10209481075805667
2024-03-21,Brent M2 × LSGO M1,Crisis,0.028860426423989997
2024-03-22,Brent M2 × LSGO M1,Crisis,0.015641457959462098
2024-03-25,Brent M2 × LSGO M1,Crisis,0.06640216601054728
2024-03-26,Brent M2 × LSGO M1,Crisis,0.005638419734524698
2024-03-27,Brent M2 × LSGO M1,Crisis,-0.010233619518882736
2024-03-28,Brent M2 × LSGO M1,Crisis,-0.11689896008490089
2024-04-01,Brent M2 × LSGO M1,Crisis,-0.320973093115324
2024-04-02,Brent M2 × LSGO M1,Crisis,-0.3888735943284916
2024-04-03,Brent M2 × LSGO M1,Crisis,-0.545480011371229
2024-04-04,Brent M2 × LSGO M1,Crisis,-0.6522263487029348
2024-04-05,Brent M2 × LSGO M1,Crisis,-0.7177447228481916
2024-04-08,Brent M2 × LSGO M1,Crisis,-0.8026021884985146
2024-04-09,Brent M2 × LSGO M1,Crisis,-0.6533252852016842
2024-04-10,Brent M2 × LSGO M1,Crisis,-0.7853618863611569
2024-04-11,Brent M2 × LSGO M1,Crisis,-0.8257851009141511
2024-04-12,Brent M2 × LSGO M1,Crisis,-0.8646944487488563
2024-04-15,Brent M2 × LSGO M1,Crisis,-0.8169788895371555
2024-04-16,Brent M2 × LSGO M1,Crisis,-0.7679928963675836
2024-04-17,Brent M2 × LSGO M1,Crisis,-0.75326767218195
2024-04-18,Brent M2 × LSGO M1,Crisis,-0.8260288117642295
2024-04-19,Brent M2 × LSGO M1,Crisis,-0.7415803535992862
2024-04-22,Brent M2 × LSGO M1,Crisis,-0.7306157480163775
2024-04-23,Brent M2 × LSGO M1,Crisis,-0.6800241357119798
2024-04-24,Brent M2 × LSGO M1,Crisis,-0.4338234996625034
2024-04-25,Brent M2 × LSGO M1,Crisis,-0.38148703921999016
2024-04-26,Brent M2 × LSGO M1,Crisis,-0.3854356406474944
2024-04-29,Brent M2 × LSGO M1,Crisis,0.19250265296158733
2024-04-30,Brent M2 × LSGO M1,Crisis,-0.30874339249045657
2024-05-01,Brent M2 × LSGO M1,Crisis,-0.28425885878046486
2024-05-02,Brent M2 × LSGO M1,Crisis,-0.37157695727293844
2024-05-03,Brent M2 × LSGO M1,Crisis,-0.45001970063167634
2024-05-06,Brent M2 × LSGO M1,Crisis,-0.4400640790281764
2024-05-07,Brent M2 × LSGO M1,Crisis,-0.5157100567631254
2024-05-08,Brent M2 × LSGO M1,Crisis,-0.5178920226477765
2024-05-09,Brent M2 × LSGO M1,Crisis,-0.5518933641475896
2024-05-10,Brent M2 × LSGO M1,Crisis,-0.5795240804280094
2024-05-13,Brent M2 × LSGO M1,Crisis,-0.5922566780805519
2024-05-14,Brent M2 × LSGO M1,Crisis,-0.5730143293284359
2024-05-15,Brent M2 × LSGO M1,Crisis,-0.554689397444053
2024-05-16,Brent M2 × LSGO M1,Crisis,-0.6000542701527163
2024-05-17,Brent M2 × LSGO M1,Crisis,-0.636391534411622
2024-05-20,Brent M2 × LSGO M1,Crisis,-0.5641885898632454
2024-05-21,Brent M2 × LSGO M1,Crisis,-0.5862701826683797
2024-05-22,Brent M2 × LSGO M1,Crisis,-0.5984081706853744
2024-05-23,Brent M2 × LSGO M1,Crisis,-0.5630079811968459
2024-05-24,Brent M2 × LSGO M1,Crisis,-0.5964814031234411
2024-05-27,Brent M2 × LSGO M1,Crisis,-0.5721951862509591
2024-05-28,Brent M2 × LSGO M1,Crisis,-0.5251191908395577
2024-05-29,Brent M2 × LSGO M1,Crisis,-0.4088899305262285
2024-05-30,Brent M2 × LSGO M1,Crisis,-0.3007928366261782
2024-05-31,Brent M2 × LSGO M1,Crisis,-0.3407649392752814
2024-06-03,Brent M2 × LSGO M1,Crisis,-0.3287458623801189
2024-06-04,Brent M2 × LSGO M1,Normal,-0.22723285192938902
2024-06-05,Brent M2 × LSGO M1,Normal,-0.5445317895485733
2024-06-06,Brent M2 × LSGO M1,Crisis,-0.5398161165779877
2024-06-07,Brent M2 × LSGO M1,Crisis,-0.4844315690540134
2024-06-10,Brent M2 × LSGO M1,Crisis,-0.5235195820979178
2024-06-11,Brent M2 × LSGO M1,Crisis,-0.4556213032535017
2024-06-12,Brent M2 × LSGO M1,Crisis,-0.4853979030464167
2024-06-13,Brent M2 × LSGO M1,Crisis,-0.49907071025230665
2024-06-14,Brent M2 × LSGO M1,Crisis,-0.5365282234105843
2024-06-17,Brent M2 × LSGO M1,Crisis,-0.5248389720205873
2024-06-18,Brent M2 × LSGO M1,Crisis,-0.5214763786236597
2024-06-19,Brent M2 × LSGO M1,Crisis,-0.5479179550283713
2024-06-20,Brent M2 × LSGO M1,Crisis,-0.5616858415516225
2024-06-21,Brent M2 × LSGO M1,Crisis,-0.5845334775880573
2024-06-24,Brent M2 × LSGO M1,Crisis,-0.6049028227225367
2024-06-25,Brent M2 × LSGO M1,Crisis,-0.631145643711839
2024-06-26,Brent M2 × LSGO M1,Crisis,-0.689969115805103
2024-06-27,Brent M2 × LSGO M1,Crisis,-0.7231758549156665
2024-06-28,Brent M2 × LSGO M1,Crisis,-0.676208073373367
2024-07-01,Brent M2 × LSGO M1,Crisis,-0.6667630660626566
2024-07-02,Brent M2 × LSGO M1,Crisis,-0.648219349446028
2024-07-03,Brent M2 × LSGO M1,Crisis,-0.5857468034495629
2024-07-04,Brent M2 × LSGO M1,Crisis,-0.6550918580418912
2024-07-05,Brent M2 × LSGO M1,Crisis,-0.6771564691370284
2024-07-08,Brent M2 × LSGO M1,Crisis,-0.7756290986166714
2024-07-09,Brent M2 × LSGO M1,Crisis,-0.718436471363751
2024-07-10,Brent M2 × LSGO M1,Crisis,-0.6404626343072207
2024-07-11,Brent M2 × LSGO M1,Crisis,-0.5318660407650391
2024-07-12,Brent M2 × LSGO M1,Crisis,-0.590042048957395
2024-07-15,Brent M2 × LSGO M1,Crisis,-0.579429425632657
2024-07-16,Brent M2 × LSGO M1,Crisis,-0.5723571371691739
2024-07-17,Brent M2 × LSGO M1,Crisis,-0.5463589064705491
2024-07-18,Brent M2 × LSGO M1,Crisis,-0.5624401093117312
2024-07-19,Brent M2 × LSGO M1,Crisis,-0.5249836343008879
2024-07-22,Brent M2 × LSGO M1,Crisis,-0.7092162392841704
2024-07-23,Brent M2 × LSGO M1,Crisis,-0.8004313942617051
2024-07-24,Brent M2 × LSGO M1,Crisis,-0.8224967132727276
2024-07-25,Brent M2 × LSGO M1,Crisis,-0.7731418953920036
2024-07-26,Brent M2 × LSGO M1,Crisis,-0.7586033761340215
2024-07-29,Brent M2 × LSGO M1,Crisis,-0.6921680301154741
2024-07-30,Brent M2 × LSGO M1,Crisis,-0.7174511007916488
2024-07-31,Brent M2 × LSGO M1,Crisis,-0.6902311409526498
2024-08-01,Brent M2 × LSGO M1,Crisis,-0.5442185410545949
2024-08-02,Brent M2 × LSGO M1,Crisis,-0.6013295201559369
2024-08-05,Brent M2 × LSGO M1,Crisis,-0.265391326794294
2024-08-06,Brent M2 × LSGO M1,Crisis,-0.26957859470860246
2024-08-07,Brent M2 × LSGO M1,Crisis,-0.28297445407966926
2024-08-08,Brent M2 × LSGO M1,Crisis,-0.23698420976282206
2024-08-09,Brent M2 × LSGO M1,Crisis,-0.25443055581808927
2024-08-12,Brent M2 × LSGO M1,Crisis,-0.28852244022382934
2024-08-13,Brent M2 × LSGO M1,Crisis,-0.40154376591951063
2024-08-14,Brent M2 × LSGO M1,Crisis,-0.4981760870737703
2024-08-15,Brent M2 × LSGO M1,Crisis,-0.5140597412924305
2024-08-16,Brent M2 × LSGO M1,Crisis,-0.5023484812869735
2024-08-19,Brent M2 × LSGO M1,Crisis,-0.40657545362741054
2024-08-20,Brent M2 × LSGO M1,Normal,-0.5151089236431741
2024-08-21,Brent M2 × LSGO M1,Normal,-0.45972943367940605
2024-08-22,Brent M2 × LSGO M1,Normal,-0.5160693277843779
2024-08-23,Brent M2 × LSGO M1,Crisis,-0.5243030997649695
2024-08-26,Brent M2 × LSGO M1,Crisis,-0.5056125024952381
2024-08-27,Brent M2 × LSGO M1,Crisis,-0.5079515592023806
2024-08-28,Brent M2 × LSGO M1,Crisis,-0.32116912812143084
2024-08-29,Brent M2 × LSGO M1,Crisis,-0.2703105616986398
2024-08-30,Brent M2 × LSGO M1,Crisis,-0.28530830190139433
2024-09-02,Brent M2 × LSGO M1,Normal,-0.25130146612521737
2024-09-03,Brent M2 × LSGO M1,Normal,-0.3308316485265534
2024-09-04,Brent M2 × LSGO M1,Normal,-0.3724276055632261
2024-09-05,Brent M2 × LSGO M1,Normal,-0.35145253262919485
2024-09-06,Brent M2 × LSGO M1,Normal,-0.3682230492800529
2024-09-09,Brent M2 × LSGO M1,Normal,-0.34601513319801364
2024-09-10,Brent M2 × LSGO M1,Normal,-0.36374519397091376
2024-09-11,Brent M2 × LSGO M1,Normal,-0.46732124568203154
2024-09-12,Brent M2 × LSGO M1,Normal,-0.6181700897150955
2024-09-13,Brent M2 × LSGO M1,Normal,-0.40102957242486836
2024-09-16,Brent M2 × LSGO M1,Normal,-0.3825587029234881
2024-09-17,Brent M2 × LSGO M1,Normal,-0.44928004253059767
2024-09-18,Brent M2 × LSGO M1,Normal,-0.40616841277347254
2024-09-19,Brent M2 × LSGO M1,Normal,-0.38204232959705564
2024-09-20,Brent M2 × LSGO M1,Normal,-0.36091982529402133
2024-09-23,Brent M2 × LSGO M1,Normal,-0.3622059097481515
2024-09-24,Brent M2 × LSGO M1,Normal,-0.3840493542736179
2024-09-25,Brent M2 × LSGO M1,Normal,-0.371339701725107
2024-09-26,Brent M2 × LSGO M1,Normal,-0.3766791611033269
2024-09-27,Brent M2 × LSGO M1,Normal,-0.3523629324199871
2024-09-30,Brent M2 × LSGO M1,Normal,-0.35541906261916567
2024-10-01,Brent M2 × LSGO M1,Normal,-0.3348172884944689
2024-10-02,Brent M2 × LSGO M1,Normal,-0.27298183801063575
2024-10-03,Brent M2 × LSGO M1,Normal,-0.2813681463903409
2024-10-04,Brent M2 × LSGO M1,Normal,-0.18801780231372336
2024-10-07,Brent M2 × LSGO M1,Crisis,-0.22099417979945013
2024-10-08,Brent M2 × LSGO M1,Normal,-0.25931353252112926
2024-10-09,Brent M2 × LSGO M1,Normal,-0.14069895153522277
2024-10-10,Brent M2 × LSGO M1,Normal,-0.16008778016459868
2024-10-11,Brent M2 × LSGO M1,Normal,-0.19314641468645904
2024-10-14,Brent M2 × LSGO M1,Normal,-0.11614165138156435
2024-10-15,Brent M2 × LSGO M1,Normal,-0.06017799671421253
2024-10-16,Brent M2 × LSGO M1,Normal,0.1415657453053486
2024-10-17,Brent M2 × LSGO M1,Normal,0.11707124233265766
2024-10-18,Brent M2 × LSGO M1,Normal,0.13374229040713773
2024-10-21,Brent M2 × LSGO M1,Normal,0.11898706737607284
2024-10-22,Brent M2 × LSGO M1,Normal,0.13434317944365742
2024-10-23,Brent M2 × LSGO M1,Normal,0.18678345319401637
2024-10-24,Brent M2 × LSGO M1,Normal,0.16024640251539837
2024-10-25,Brent M2 × LSGO M1,Normal,0.1919649860725414
2024-10-28,Brent M2 × LSGO M1,Normal,0.10692238355018076
2024-10-29,Brent M2 × LSGO M1,Normal,0.10444042864070216
2024-10-30,Brent M2 × LSGO M1,Normal,0.10885891409823623
2024-10-31,Brent M2 × LSGO M1,Normal,0.16078885345556457
2024-11-01,Brent M2 × LSGO M1,Normal,0.1846029057646139
2024-11-04,Brent M2 × LSGO M1,Normal,0.18415581501720882
2024-11-05,Brent M2 × LSGO M1,Crisis,0.25399593149061506
2024-11-06,Brent M2 × LSGO M1,Crisis,0.31742586585519755
2024-11-07,Brent M2 × LSGO M1,Normal,0.3240435087237287
2024-11-08,Brent M2 × LSGO M1,Normal,0.28387434282824753
2024-11-11,Brent M2 × LSGO M1,Normal,0.2696173870131772
2024-11-12,Brent M2 × LSGO M1,Normal,0.29791738780653415
2024-11-13,Brent M2 × LSGO M1,Normal,0.26429927233437844
2024-11-14,Brent M2 × LSGO M1,Normal,0.29322581702962275
2024-11-15,Brent M2 × LSGO M1,Normal,0.30413854856191114
2024-11-18,Brent M2 × LSGO M1,Normal,0.2604988544656067
2024-11-19,Brent M2 × LSGO M1,Normal,0.13133873788792536
2024-11-20,Brent M2 × LSGO M1,Normal,0.11568425968479477
2024-11-21,Brent M2 × LSGO M1,Normal,0.08916226471038412
2024-11-22,Brent M2 × LSGO M1,Normal,0.09378096112659048
2024-11-25,Brent M2 × LSGO M1,Normal,0.08492587479299744
2024-11-26,Brent M2 × LSGO M1,Normal,0.14354460050358142
2024-11-27,Brent M2 × LSGO M1,Normal,0.2024368434942806
2024-11-28,Brent M2 × LSGO M1,Normal,0.20882718010441095
2024-11-29,Brent M2 × LSGO M1,Normal,0.18829615256261406
2024-12-02,Brent M2 × LSGO M1,Normal,0.09560580677732655
2024-12-03,Brent M2 × LSGO M1,Normal,0.09554034002086054
2024-12-04,Brent M2 × LSGO M1,Normal,0.2130708385741806
2024-12-05,Brent M2 × LSGO M1,Normal,0.27756482586425796
2024-12-06,Brent M2 × LSGO M1,Normal,0.18726608186631624
2024-12-09,Brent M2 × LSGO M1,Normal,0.18354950121877528
2024-12-10,Brent M2 × LSGO M1,Normal,0.2762497237509386
2024-12-11,Brent M2 × LSGO M1,Normal,0.26566892189262076
2024-12-12,Brent M2 × LSGO M1,Normal,0.25833325046357447
2024-12-13,Brent M2 × LSGO M1,Crisis,0.24191490751529074
2024-12-16,Brent M2 × LSGO M1,Normal,0.28430868781061036
2024-12-17,Brent M2 × LSGO M1,Normal,0.2845221698854767
2024-12-18,Brent M2 × LSGO M1,Crisis,0.30088446611508046
2024-12-19,Brent M2 × LSGO M1,Normal,0.34906202858896423
2024-12-20,Brent M2 × LSGO M1,Normal,0.3643318416123722
2024-12-23,Brent M2 × LSGO M1,Normal,0.3668233342415343
2024-12-24,Brent M2 × LSGO M1,Normal,0.35698987882374283
2024-12-26,Brent M2 × LSGO M1,Normal,0.3165455417169274
2024-12-27,Brent M2 × LSGO M1,Normal,0.314744118834931
2024-12-30,Brent M2 × LSGO M1,Crisis,0.3090669298001255
2024-12-31,Brent M2 × LSGO M1,Crisis,0.3514752540722982
2025-01-02,Brent M2 × LSGO M1,Crisis,0.43219708929466677
2025-01-03,Brent M2 × LSGO M1,Crisis,0.3678187795353473
2025-01-06,Brent M2 × LSGO M1,Crisis,0.3810466643428599
2025-01-07,Brent M2 × LSGO M1,Crisis,0.4499453556542137
2025-01-08,Brent M2 × LSGO M1,Crisis,0.4293198795125153
2025-01-09,Brent M2 × LSGO M1,Crisis,0.3997443916436387
2025-01-10,Brent M2 × LSGO M1,Crisis,0.1987730376705581
2025-01-13,Brent M2 × LSGO M1,Crisis,0.1832029299332093
2025-01-14,Brent M2 × LSGO M1,Crisis,0.14037401447042683
2025-01-15,Brent M2 × LSGO M1,Crisis,0.12106256262266488
2025-01-16,Brent M2 × LSGO M1,Crisis,0.12079153955562277
2025-01-17,Brent M2 × LSGO M1,Crisis,0.0458308598373383
2025-01-20,Brent M2 × LSGO M1,Crisis,0.03315035194476983
2025-01-21,Brent M2 × LSGO M1,Crisis,0.0070144235558320805
2025-01-22,Brent M2 × LSGO M1,Crisis,-0.01663543762506354
2025-01-23,Brent M2 × LSGO M1,Crisis,-0.07667362760607233
2025-01-24,Brent M2 × LSGO M1,Crisis,-0.08361866544836428
2025-01-27,Brent M2 × LSGO M1,Crisis,-0.2861195866774982
2025-01-28,Brent M2 × LSGO M1,Crisis,-0.25281345242341713
2025-01-29,Brent M2 × LSGO M1,Crisis,-0.24689395295475522
2025-01-30,Brent M2 × LSGO M1,Crisis,-0.3123850308649029
2025-01-31,Brent M2 × LSGO M1,Crisis,-0.35791655123186744
2025-02-03,Brent M2 × LSGO M1,Crisis,-0.36745308911160873
2025-02-04,Brent M2 × LSGO M1,Crisis,-0.28390574485571923
2025-02-05,Brent M2 × LSGO M1,Crisis,-0.3921956335719303
2025-02-06,Brent M2 × LSGO M1,Crisis,-0.41796187587822464
2025-02-07,Brent M2 × LSGO M1,Crisis,-0.408200926024245
2025-02-10,Brent M2 × LSGO M1,Crisis,-0.39788917832071374
2025-02-11,Brent M2 × LSGO M1,Crisis,-0.35793882705851754
2025-02-12,Brent M2 × LSGO M1,Crisis,-0.1830516257654169
2025-02-13,Brent M2 × LSGO M1,Crisis,-0.07474226790275278
2025-02-14,Brent M2 × LSGO M1,Crisis,-0.03343906228664999
2025-02-17,Brent M2 × LSGO M1,Crisis,0.0011521400855333717
2025-02-18,Brent M2 × LSGO M1,Crisis,-0.0009489605182430453
2025-02-19,Brent M2 × LSGO M1,Crisis,0.015636625490506505
2025-02-20,Brent M2 × LSGO M1,Crisis,-0.16554888071571322
2025-02-21,Brent M2 × LSGO M1,Crisis,-0.17099867259185983
2025-02-24,Brent M2 × LSGO M1,Crisis,-0.14235015929858394
2025-02-25,Brent M2 × LSGO M1,Normal,-0.06327539181677654
2025-02-26,Brent M2 × LSGO M1,Normal,0.29516945561447994
2025-02-27,Brent M2 × LSGO M1,Normal,0.26671217109619544
2025-02-28,Brent M2 × LSGO M1,Normal,0.2253205011422677
2025-03-03,Brent M2 × LSGO M1,Normal,0.2794442838604999
2025-03-04,Brent M2 × LSGO M1,Normal,0.20297948020732515
2025-03-05,Brent M2 × LSGO M1,Normal,0.25192725216760326
2025-03-06,Brent M2 × LSGO M1,Normal,0.34233009415437743
2025-03-07,Brent M2 × LSGO M1,Normal,0.32603141942293046
2025-03-10,Brent M2 × LSGO M1,Normal,0.4004460708750276
2025-03-11,Brent M2 × LSGO M1,Normal,0.3383150678578225
2025-03-12,Brent M2 × LSGO M1,Normal,0.21375921922592958
2025-03-13,Brent M2 × LSGO M1,Normal,0.12207205433239875
2025-03-14,Brent M2 × LSGO M1,Normal,0.05506317034866506
2025-03-17,Brent M2 × LSGO M1,Normal,0.012641640523911276
2025-03-18,Brent M2 × LSGO M1,Normal,-0.031187098996504767
2025-03-19,Brent M2 × LSGO M1,Normal,-0.020002413501896677
2025-03-20,Brent M2 × LSGO M1,Normal,-0.014180439101903655
2025-03-21,Brent M2 × LSGO M1,Normal,-0.027396408076887657
2025-03-24,Brent M2 × LSGO M1,Normal,-0.01849359331050823
2025-03-25,Brent M2 × LSGO M1,Normal,-0.032482543520187236
2025-03-26,Brent M2 × LSGO M1,Normal,-0.05920357987478052
2025-03-27,Brent M2 × LSGO M1,Normal,-0.01646640707276595
2025-03-28,Brent M2 × LSGO M1,Normal,-0.13501162531401664
2025-03-31,Brent M2 × LSGO M1,Normal,-0.08339373992004874
2025-04-01,Brent M2 × LSGO M1,Normal,0.03889268870918394
2025-04-02,Brent M2 × LSGO M1,Normal,0.05983066611861366
2025-04-03,Brent M2 × LSGO M1,Normal,0.033724008621310655
2025-04-04,Brent M2 × LSGO M1,Normal,0.2314324798825987
2025-04-07,Brent M2 × LSGO M1,Normal,0.24102839449554087
2025-04-08,Brent M2 × LSGO M1,Normal,0.25927416109232165
2025-04-09,Brent M2 × LSGO M1,Normal,0.05947387678469889
2025-04-10,Brent M2 × LSGO M1,Normal,-0.748222741611943
2025-04-11,Brent M2 × LSGO M1,Normal,-1.061534857817385
2025-04-14,Brent M2 × LSGO M1,Normal,-1.0802725365748778
2025-04-15,Brent M2 × LSGO M1,Normal,-1.0106594834614229
2025-04-16,Brent M2 × LSGO M1,Normal,-1.0101588554171508
2025-04-17,Brent M2 × LSGO M1,Normal,-0.9686856199575359
2025-04-21,Brent M2 × LSGO M1,Normal,-0.9336431628889073
2025-04-22,Brent M2 × LSGO M1,Normal,-0.9113109567195334
2025-04-23,Brent M2 × LSGO M1,Normal,-0.8902990482338873
2025-04-24,Brent M2 × LSGO M1,Normal,-0.8554457412206318
2025-04-25,Brent M2 × LSGO M1,Normal,-0.8372407739332945
2025-04-28,Brent M2 × LSGO M1,Normal,-0.8279282589918636
2025-04-29,Brent M2 × LSGO M1,Normal,-0.8210191289174511
2025-04-30,Brent M2 × LSGO M1,Normal,-0.837135506544504
2025-05-01,Brent M2 × LSGO M1,Normal,-0.8907171101811633
2025-05-02,Brent M2 × LSGO M1,Normal,-1.013193312652989
2025-05-05,Brent M2 × LSGO M1,Normal,-1.0093382538466955
2025-05-06,Brent M2 × LSGO M1,Normal,-1.0003625963739846
2025-05-07,Brent M2 × LSGO M1,Normal,-0.8770821604440002
2025-05-08,Brent M2 × LSGO M1,Normal,-0.8682891398276918
2025-05-09,Brent M2 × LSGO M1,Normal,-0.8151208390171967
2025-05-12,Brent M2 × LSGO M1,Normal,-0.8054307941134264
2025-05-13,Brent M2 × LSGO M1,Normal,-0.757765114021038
2025-05-14,Brent M2 × LSGO M1,Normal,-0.7320905862060036
2025-05-15,Brent M2 × LSGO M1,Normal,-0.7463246678944551
2025-05-16,Brent M2 × LSGO M1,Normal,-0.7276554010140357
2025-05-19,Brent M2 × LSGO M1,Normal,-0.7348476575865501
2025-05-20,Brent M2 × LSGO M1,Normal,-0.7602810015007111
2025-05-21,Brent M2 × LSGO M1,Normal,-0.7654150072450686
2025-05-22,Brent M2 × LSGO M1,Normal,-0.8108259005402484
2025-05-23,Brent M2 × LSGO M1,Normal,-0.7989972603894485
2025-05-26,Brent M2 × LSGO M1,Normal,-0.8049408397439611
2025-05-27,Brent M2 × LSGO M1,Normal,-0.801816243884639
2025-05-28,Brent M2 × LSGO M1,Normal,-0.785594217074685
2025-05-29,Brent M2 × LSGO M1,Normal,-0.767282989567582
2025-05-30,Brent M2 × LSGO M1,Normal,-0.8145535029300368
2025-06-02,Brent M2 × LSGO M1,Normal,-0.7932600660332072
2025-06-03,Brent M2 × LSGO M1,Normal,-0.748505921628757
2025-06-04,Brent M2 × LSGO M1,Normal,-0.7205476483041483
2025-06-05,Brent M2 × LSGO M1,Normal,-0.7009791010636035
2025-06-06,Brent M2 × LSGO M1,Normal,-0.674847370411119
2025-06-09,Brent M2 × LSGO M1,Normal,-0.680349415997572
2025-06-10,Brent M2 × LSGO M1,Normal,-0.6554900049269026
2025-06-11,Brent M2 × LSGO M1,Normal,-0.6729815184482387
2025-06-12,Brent M2 × LSGO M1,Normal,-0.7952683978557517
2025-06-13,Brent M2 × LSGO M1,Normal,-0.8147503872383296
2025-06-16,Brent M2 × LSGO M1,Normal,-0.6702945751299303
2025-06-17,Brent M2 × LSGO M1,Normal,-0.6779865600346364
2025-06-18,Brent M2 × LSGO M1,Crisis,-0.5750282249396741
2025-06-19,Brent M2 × LSGO M1,Crisis,-0.5791672379752718
2025-06-20,Brent M2 × LSGO M1,Crisis,-0.4917408124924613
2025-06-23,Brent M2 × LSGO M1,Crisis,-0.4481102643149261
2025-06-24,Brent M2 × LSGO M1,Normal,-0.6004882979452214
2025-06-25,Brent M2 × LSGO M1,Normal,-0.18927895965503808
2025-06-26,Brent M2 × LSGO M1,Normal,-0.1910880958866136
2025-06-27,Brent M2 × LSGO M1,Normal,-0.18606726686202826
2025-06-30,Brent M2 × LSGO M1,Normal,-0.30707973996226917
2025-07-01,Brent M2 × LSGO M1,Normal,-0.39661826622801577
2025-07-02,Brent M2 × LSGO M1,Normal,-0.40243453126145556
2025-07-03,Brent M2 × LSGO M1,Normal,-0.28468799583835835
2025-07-04,Brent M2 × LSGO M1,Normal,0.24986015801892644
2025-07-07,Brent M2 × LSGO M1,Normal,0.5495899208250942
2025-07-08,Brent M2 × LSGO M1,Normal,0.5299197193341978
2025-07-09,Brent M2 × LSGO M1,Normal,0.5265542792657346
2025-07-10,Brent M2 × LSGO M1,Normal,0.5288802491772767
2025-07-11,Brent M2 × LSGO M1,Normal,0.5361990093244684
2025-07-14,Brent M2 × LSGO M1,Normal,0.6102173382355158
2025-07-15,Brent M2 × LSGO M1,Normal,0.658617330333831
2025-07-16,Brent M2 × LSGO M1,Normal,0.6334375362819832
2025-07-17,Brent M2 × LSGO M1,Normal,0.6141808174299015
2025-07-18,Brent M2 × LSGO M1,Normal,0.6283068574329957
2025-07-21,Brent M2 × LSGO M1,Normal,0.6248696325268727
2025-07-22,Brent M2 × LSGO M1,Normal,0.6230454115440531
2025-07-23,Brent M2 × LSGO M1,Normal,0.6783942678328315
2025-07-24,Brent M2 × LSGO M1,Normal,0.9293770438827682
2025-07-25,Brent M2 × LSGO M1,Normal,1.0784475987506026
2025-07-28,Brent M2 × LSGO M1,Normal,1.057754673877044
2025-07-29,Brent M2 × LSGO M1,Normal,0.9522976141647838
2025-07-30,Brent M2 × LSGO M1,Crisis,0.82001514821491
2025-07-31,Brent M2 × LSGO M1,Normal,0.8134944481782604
2025-08-01,Brent M2 × LSGO M1,Normal,0.8361411980068875
2025-08-04,Brent M2 × LSGO M1,Normal,0.8154169254934572
2025-08-05,Brent M2 × LSGO M1,Normal,0.7964892526456092
2025-08-06,Brent M2 × LSGO M1,Normal,0.8161448017466209
2025-08-07,Brent M2 × LSGO M1,Normal,0.7743581754744403
2025-08-08,Brent M2 × LSGO M1,Normal,0.77108858131277
2025-08-11,Brent M2 × LSGO M1,Normal,0.7742612342858333
2025-08-12,Brent M2 × LSGO M1,Normal,0.7621184420659858
2025-08-13,Brent M2 × LSGO M1,Normal,0.779281881662815
2025-08-14,Brent M2 × LSGO M1,Normal,0.7989766971433823
2025-08-15,Brent M2 × LSGO M1,Normal,0.7941909963564524
2025-08-18,Brent M2 × LSGO M1,Normal,0.7530178738922153
2025-08-19,Brent M2 × LSGO M1,Normal,0.6922653653640614
2025-08-20,Brent M2 × LSGO M1,Normal,0.6290804000110515
2025-08-21,Brent M2 × LSGO M1,Normal,0.585003554439914
2025-08-22,Brent M2 × LSGO M1,Normal,0.5734814200236918
2025-08-25,Brent M2 × LSGO M1,Normal,0.5519065011261958
2025-08-26,Brent M2 × LSGO M1,Normal,0.5294025470791384
2025-08-27,Brent M2 × LSGO M1,Normal,0.5467819175952825
2025-08-28,Brent M2 × LSGO M1,Normal,0.5194780453101457
2025-08-29,Brent M2 × LSGO M1,Normal,0.4803541147796335
2025-09-01,Brent M2 × LSGO M1,Normal,0.4705458944064096
2025-09-02,Brent M2 × LSGO M1,Normal,0.471966833677527
2025-09-03,Brent M2 × LSGO M1,Normal,0.48227568078138766
2025-09-04,Brent M2 × LSGO M1,Normal,0.682095905697178
2025-09-05,Brent M2 × LSGO M1,Normal,0.7096779478952074
2025-09-08,Brent M2 × LSGO M1,Normal,0.6379162334390033
2025-09-09,Brent M2 × LSGO M1,Normal,0.6811030918198301
2025-09-10,Brent M2 × LSGO M1,Normal,0.5870170263176223
2025-09-11,Brent M2 × LSGO M1,Normal,0.5259315220309805
2025-09-12,Brent M2 × LSGO M1,Normal,0.3699559762928755
2025-09-15,Brent M2 × LSGO M1,Normal,0.34831596234508316
2025-09-16,Brent M2 × LSGO M1,Crisis,0.801820814429894
2025-09-17,Brent M2 × LSGO M1,Crisis,-0.1499331977025538
2025-09-18,Brent M2 × LSGO M1,Crisis,-0.14826063839467407
2025-09-19,Brent M2 × LSGO M1,Normal,-0.14710019592394216
2025-09-22,Brent M2 × LSGO M1,Normal,-0.14966970621106254
2025-09-23,Brent M2 × LSGO M1,Crisis,-0.15361028443961763
2025-09-24,Brent M2 × LSGO M1,Crisis,-0.08110749652917613
2025-09-25,Brent M2 × LSGO M1,Crisis,-0.08590800065604531
2025-09-26,Brent M2 × LSGO M1,Crisis,-0.06631142991464008
2025-09-29,Brent M2 × LSGO M1,Crisis,-0.006824326395374281
2025-09-30,Brent M2 × LSGO M1,Normal,0.2836198401543705
2025-10-01,Brent M2 × LSGO M1,Crisis,0.21820828993112618
2025-10-02,Brent M2 × LSGO M1,Normal,0.21678751629247509
2025-10-03,Brent M2 × LSGO M1,Normal,0.21743188528095078
2025-10-06,Brent M2 × LSGO M1,Normal,0.16164639896597324
2025-10-07,Brent M2 × LSGO M1,Normal,0.09489508548623822
2025-10-08,Brent M2 × LSGO M1,Normal,0.1229242869674584
2025-10-09,Brent M2 × LSGO M1,Crisis,0.12988580565152966
2025-10-10,Brent M2 × LSGO M1,Normal,0.0654153184127078
2025-10-13,Brent M2 × LSGO M1,Normal,0.19777186872509556
2025-10-14,Brent M2 × LSGO M1,Normal,0.1967369100378125
2025-10-15,Brent M2 × LSGO M1,Normal,0.22643163729227547
2025-10-16,Brent M2 × LSGO M1,Normal,0.22436895581322727
2025-10-17,Brent M2 × LSGO M1,Normal,0.14052237708846893
2025-10-20,Brent M2 × LSGO M1,Normal,0.08112143438791908
2025-10-21,Brent M2 × LSGO M1,Normal,0.18031036197632197
2025-10-22,Brent M2 × LSGO M1,Normal,0.25997107998858804
2025-10-23,Brent M2 × LSGO M1,Crisis,0.25886832379971936
2025-10-24,Brent M2 × LSGO M1,Crisis,0.5517570803030447
2025-10-27,Brent M2 × LSGO M1,Crisis,0.5433932618766198
2025-10-28,Brent M2 × LSGO M1,Crisis,0.5547767716466226
2025-10-29,Brent M2 × LSGO M1,Crisis,0.5751395016683147
2025-10-30,Brent M2 × LSGO M1,Crisis,0.6582683279566227
2025-10-31,Brent M2 × LSGO M1,Crisis,0.6514117407722169
2025-11-03,Brent M2 × LSGO M1,Crisis,0.6501977573891647
2025-11-04,Brent M2 × LSGO M1,Crisis,0.6865091636342353
2025-11-05,Brent M2 × LSGO M1,Crisis,0.6796373296058533
2025-11-06,Brent M2 × LSGO M1,Crisis,0.5896859735740305
2025-11-07,Brent M2 × LSGO M1,Crisis,0.5992270351482055
2025-11-10,Brent M2 × LSGO M1,Crisis,0.6452469302026989
2025-11-11,Brent M2 × LSGO M1,Crisis,0.7057022112596377
2025-11-12,Brent M2 × LSGO M1,Crisis,0.8289904812861505
2025-11-13,Brent M2 × LSGO M1,Crisis,0.7542218485982497
2025-11-14,Brent M2 × LSGO M1,Crisis,0.7658228606469616
2025-11-17,Brent M2 × LSGO M1,Crisis,0.7750005021792528
2025-11-18,Brent M2 × LSGO M1,Crisis,0.7694892708560024
2025-11-19,Brent M2 × LSGO M1,Crisis,0.7452289153445599
2025-11-20,Brent M2 × LSGO M1,Crisis,0.6711668558299813
2025-11-21,Brent M2 × LSGO M1,Crisis,0.718365914162658
2025-11-24,Brent M2 × LSGO M1,Crisis,0.7962351013301076
2025-11-25,Brent M2 × LSGO M1,Crisis,0.6943350435863044
2025-11-26,Brent M2 × LSGO M1,Crisis,0.7390927673960215
2025-11-27,Brent M2 × LSGO M1,Crisis,0.7744306438996829
2025-11-28,Brent M2 × LSGO M1,Crisis,0.8001598581229797
2025-12-01,Brent M2 × LSGO M1,Crisis,0.7453080050301172
2025-12-02,Brent M2 × LSGO M1,Crisis,0.6580322817552379
2025-12-03,Brent M2 × LSGO M1,Crisis,0.5854589636520797
2025-12-04,Brent M2 × LSGO M1,Crisis,0.6264781850016387
2025-12-05,Brent M2 × LSGO M1,Crisis,0.569162086052107
2025-12-08,Brent M2 × LSGO M1,Crisis,0.5818111595745119
2025-12-09,Brent M2 × LSGO M1,Crisis,0.5798535152233133
2025-12-10,Brent M2 × LSGO M1,Crisis,0.5763091093345742
2025-12-11,Brent M2 × LSGO M1,Crisis,0.576670780223757
2025-12-12,Brent M2 × LSGO M1,Crisis,0.6135538522980802
2025-12-15,Brent M2 × LSGO M1,Crisis,0.6142328982936905
2025-12-16,Brent M2 × LSGO M1,Normal,0.6283588803681733
2025-12-17,Brent M2 × LSGO M1,Normal,0.5572157856417642
2025-12-18,Brent M2 × LSGO M1,Normal,0.5923468528955153
2025-12-19,Brent M2 × LSGO M1,Normal,0.5769756328773815
2025-12-22,Brent M2 × LSGO M1,Normal,0.4999327262504634
2025-12-23,Brent M2 × LSGO M1,Crisis,0.3440532153831684
2025-12-24,Brent M2 × LSGO M1,Crisis,0.39460432382191035
2025-12-26,Brent M2 × LSGO M1,Normal,0.4047194666574436
2025-12-29,Brent M2 × LSGO M1,Normal,0.4094160659674626
2025-12-30,Brent M2 × LSGO M1,Crisis,0.33627351430077224
2025-12-31,Brent M2 × LSGO M1,Crisis,0.36873937795878425
2026-01-02,Brent M2 × LSGO M1,Crisis,0.36419381890686
2026-01-05,Brent M2 × LSGO M1,Crisis,0.33656129965046394
2026-01-06,Brent M2 × LSGO M1,Crisis,0.42460733897346065
2026-01-07,Brent M2 × LSGO M1,Normal,0.2944391883205062
2026-01-08,Brent M2 × LSGO M1,Normal,0.33519008606199124
2026-01-09,Brent M2 × LSGO M1,Crisis,0.1579834125053981
2026-01-12,Brent M2 × LSGO M1,Crisis,0.3125910565243486
2026-01-13,Brent M2 × LSGO M1,Crisis,0.37002345938163356
2026-01-14,Brent M2 × LSGO M1,Crisis,0.5971464309493042
2026-01-15,Brent M2 × LSGO M1,Crisis,0.5551253665460222
2026-01-16,Brent M2 × LSGO M1,Crisis,0.44693693734047385
2026-01-19,Brent M2 × LSGO M1,Crisis,0.4492949558288154
2026-01-20,Brent M2 × LSGO M1,Crisis,0.23089322055876904
2026-01-21,Brent M2 × LSGO M1,Crisis,0.26058552517083927
2026-01-22,Brent M2 × LSGO M1,Crisis,0.2823245893432991
2026-01-23,Brent M2 × LSGO M1,Crisis,0.26579570674410535
2026-01-26,Brent M2 × LSGO M1,Crisis,0.19487993605254447
2026-01-27,Brent M2 × LSGO M1,Crisis,0.195486746224612
2026-01-28,Brent M2 × LSGO M1,Crisis,0.12054096053998511
2026-01-29,Brent M2 × LSGO M1,Crisis,0.1380403773560861
2026-01-30,Brent M2 × LSGO M1,Crisis,0.17780320415246914
2026-02-02,Brent M2 × LSGO M1,Crisis,0.18946649919099895
2026-02-03,Brent M2 × LSGO M1,Crisis,0.5213445744949923
2026-02-04,Brent M2 × LSGO M1,Crisis,0.5004422275119959
2026-02-05,Brent M2 × LSGO M1,Crisis,0.37760274349885553
2026-02-06,Brent M2 × LSGO M1,Crisis,0.21025062882296267
2026-02-09,Brent M2 × LSGO M1,Crisis,0.2581856641970369
2026-02-10,Brent M2 × LSGO M1,Crisis,0.22628515986242886
2026-02-11,Brent M2 × LSGO M1,Crisis,0.21290213937073227
2026-02-12,Brent M2 × LSGO M1,Crisis,0.23430218768287966
2026-02-13,Brent M2 × LSGO M1,Crisis,0.263357810004819
2026-02-16,Brent M2 × LSGO M1,Crisis,0.31113579139026953
2026-02-17,Brent M2 × LSGO M1,Crisis,0.3016002486256936
2026-02-18,Brent M2 × LSGO M1,Crisis,0.2659577916836227
2026-02-19,Brent M2 × LSGO M1,Crisis,0.3502050575140021
2026-02-20,Brent M2 × LSGO M1,Crisis,0.39186463616495354
2026-02-23,Brent M2 × LSGO M1,Crisis,0.3975106220144331
2026-02-24,Brent M2 × LSGO M1,Crisis,0.3772585021500778
2026-02-25,Brent M2 × LSGO M1,Crisis,0.42485869201567983
2026-02-26,Brent M2 × LSGO M1,Crisis,0.4470580750451663
2026-02-27,Brent M2 × LSGO M1,Crisis,0.48320868702727876
2026-03-02,Brent M2 × LSGO M1,Crisis,0.39564247042390066
2026-03-03,Brent M2 × LSGO M1,Crisis,1.05414027814526
2026-03-04,Brent M2 × LSGO M1,Crisis,1.294288946053572
2026-03-05,Brent M2 × LSGO M1,Crisis,1.3629355336580853
2026-03-06,Brent M2 × LSGO M1,Crisis,1.4954041446963657
2026-03-09,Brent M2 × LSGO M1,Crisis,1.1527860023990433
2026-03-10,Brent M2 × LSGO M1,Crisis,0.8390755690080111
2026-03-11,Brent M2 × LSGO M1,Crisis,0.9188787326916488
2026-03-12,Brent M2 × LSGO M1,Crisis,0.9403906662497613
2026-03-13,Brent M2 × LSGO M1,Crisis,0.9485519471166606
2026-03-16,Brent M2 × LSGO M1,Crisis,0.9278188152776852
2026-03-17,Brent M2 × LSGO M1,Crisis,0.8168597377683195
2026-03-18,Brent M2 × LSGO M1,Crisis,0.7613852139535089
2026-03-19,Brent M2 × LSGO M1,Crisis,0.8248076774933596
2026-03-20,Brent M2 × LSGO M1,Crisis,0.8261530548441899
2026-03-23,Brent M2 × LSGO M1,Crisis,0.8218800916231238
2026-03-24,Brent M2 × LSGO M1,Crisis,0.657064894598774
2026-03-25,Brent M2 × LSGO M1,Crisis,0.6099949216775238
2026-03-26,Brent M2 × LSGO M1,Crisis,0.7079608329151089
2026-03-27,Brent M2 × LSGO M1,Crisis,0.8225291999680151
2026-03-30,Brent M2 × LSGO M1,Crisis,0.8063718277840778
2026-03-31,Brent M2 × LSGO M1,Crisis,0.8101068716341462
2026-04-01,Brent M2 × LSGO M1,Crisis,0.7741329211759399
2026-04-02,Brent M2 × LSGO M1,Crisis,0.7628392143638738
2026-04-06,Brent M2 × LSGO M1,Crisis,0.8153832987043678
2026-04-07,Brent M2 × LSGO M1,Crisis,0.807279711910569
2026-04-08,Brent M2 × LSGO M1,Crisis,0.8019786753799568
2026-04-09,Brent M2 × LSGO M1,Crisis,1.07913627571935
2026-04-10,Brent M2 × LSGO M1,Crisis,1.0933540165419844
2026-04-13,Brent M2 × LSGO M1,Crisis,1.14262061019517
2026-04-14,Brent M2 × LSGO M1,Crisis,1.158740933275825
2026-04-15,Brent M2 × LSGO M1,Crisis,1.2003832840772697
2026-04-16,Brent M2 × LSGO M1,Crisis,1.1987444907544458
2026-04-17,Brent M2 × LSGO M1,Crisis,1.1685331552819775
